Course,Theory Equivalent,Lab Equivalent, Theory Initial,Theory Day,"""Theory Time (1hr 20min)""", Theory Room, Lab Initial,Lab Day,Lab Time (3hr), Lab Room
CSE101-02,,,RBR,MON+WED,11:00 AM,10A-08C,"FMK,SDTS",THU,2:00 PM,12F-32L
CSE101-03,,,FDM,SAT+THU,8:00 AM,09A-01C,"FMK,FDM",TUE,11:00 AM,12D-26L
CSE101-04,,,RHS,SAT+THU,9:30 AM,09A-01C,"MOZR,RBR",SUN,11:00 AM,12F-32L
CSE101-05,,,SDTS,SUN+TUE,12:30 PM,10A-08C,"FMK,KHC",SAT,11:00 AM,12F-32L
CSE103-01,,,-,SAT+THU,11:00 AM,,"MHV,RFF",SAT,11:00 AM,FT11-01L
CSE110-01,,,KNI,SUN+TUE,9:30 AM,09C-13C,"SBB,SARF",THU,11:00 AM,09F-27L
CSE110-02,,,KNI,SUN+TUE,11:00 AM,09C-13C,"MSI,ADD",WED,11:00 AM,09B-09L
CSE110-03,,,SBB,MON+WED,8:00 AM,09B-12C,"ANT,UMS",THU,8:00 AM,09B-08L
CSE110-04,,,SBB,MON+WED,2:00 PM,09A-05C,"MZG,FMK",THU,11:00 AM,09B-08L
CSE110-05,,,RBR,MON+WED,2:00 PM,09C-13C,"AOH,HFN",THU,2:00 PM,09B-09L
CSE110-07,,,RKN,MON+WED,11:00 AM,09B-12C,"MZG,AJK",THU,2:00 PM,09B-08L
CSE110-08,,,RKN,MON+WED,12:30 PM,09B-12C,"ASMN,SDTS",THU,11:00 AM,09B-09L
CSE110-09,,,ATY,SUN+TUE,2:00 PM,10A-04C,"KNI,DFD",WED,11:00 AM,09B-11L
CSE110-11,,,ADU,SUN+TUE,8:00 AM,09H-36C,"MZG,ASMN",WED,8:00 AM,09B-08L
CSE110-12,,,ADU,SUN+TUE,9:30 AM,09H-36C,"SSMT,SDW",THU,2:00 PM,09E-21L
CSE110-14,,,SBHN,SUN+TUE,2:00 PM,09C-13C,"MSI,AJK",WED,8:00 AM,09B-11L
CSE110-15,,,SBHN,SUN+TUE,3:30 PM,09C-13C,"NNY,KHC",THU,8:00 AM,09F-27L
CSE110-16,,,DFD,SUN+TUE,11:00 AM,09A-07C,"KBS,AOH",WED,8:00 AM,09B-09L
CSE110-17,,,DFD,SUN+TUE,2:00 PM,09A-07C,"RKN,SARF",WED,2:00 PM,09B-10L
CSE110-18,,,TAW,MON+WED,11:00 AM,10A-09C,"HBN,THR",THU,8:00 AM,09B-09L
CSE110-19,,,MNY,MON+WED,3:30 PM,09H-37C,"AOH,WLV",THU,11:00 AM,09B-10L
CSE110-20,,,MSI,SUN+TUE,11:00 AM,10A-06C,"DFD,HFN",WED,2:00 PM,09B-09L
CSE110-21,,,MSI,SUN+TUE,12:30 PM,10A-06C,"FZN,RTF",WED,11:00 AM,09B-10L
CSE110-22,,,MSI,MON+WED,2:00 PM,10A-09C,"NFQ,ASMN",THU,8:00 AM,09B-10L
CSE110-23,,,MSI,MON+WED,3:30 PM,10A-09C,"HFN,AJK",THU,11:00 AM,09B-11L
CSE110-27,,,SDW,SAT+THU,11:00 AM,09H-36C,"NFK,MZG",WED,2:00 PM,09E-21L
CSE110-28,,,SDW,SAT+THU,12:30 PM,09H-36C,"SBHN,SARF",WED,8:00 AM,09E-22L
CSE110-29,,,MAU,SAT+THU,2:00 PM,09H-36C,"HFN,KBS",WED,11:00 AM,09B-08L
CSE110-31,,,DFD,SUN+TUE,3:30 PM,09A-07C,"SSMT,KHC",WED,2:00 PM,09B-11L
CSE110-32,,,AOH,SUN+TUE,2:00 PM,08H-22C,"AAF,NTB",THU,11:00 AM,12F-32L
CSE111-01,,,AVB,MON+WED,8:00 AM,09H-33C,"SBHN,ADD",TUE,8:00 AM,09F-24L
CSE111-02,,,AVB,MON+WED,9:30 AM,09H-33C,"KNI,MAU",TUE,2:00 PM,09F-24L
CSE111-03,,,KNI,MON+WED,2:00 PM,09H-32C,"SBB,TMD",TUE,2:00 PM,09F-26L
CSE111-04,,,KNI,MON+WED,3:30 PM,09H-32C,"ANK,QAR",TUE,11:00 AM,09F-27L
CSE111-05,,,SBB,SUN+TUE,9:30 AM,09B-12C,"AFA,NSQ",WED,8:00 AM,09F-25L
CSE111-06,,,SBB,SUN+TUE,11:00 AM,09B-12C,"TMD,AOH",WED,2:00 PM,09E-22L
CSE111-07,,,FEK,MON+WED,2:00 PM,09D-18C,"FGZ,ANT",TUE,11:00 AM,09F-26L
CSE111-09,,,FEK,SUN+TUE,2:00 PM,09B-12C,"ADD,MNRS",WED,8:00 AM,09F-27L
CSE111-10,,,ADU,MON+WED,12:30 PM,09C-13C,"HAS,RHS",TUE,8:00 AM,09B-08L
CSE111-11,,,ADU,MON+WED,9:30 AM,07H-27C,"AFA,QAR",TUE,8:00 AM,09F-26L
CSE111-12,,,ANK,SUN+TUE,8:00 AM,09A-07C,"KHC,SSMT",WED,8:00 AM,09F-24L
CSE111-13,,,ANK,SUN+TUE,9:30 AM,09A-07C,"MAU,RAK",WED,2:00 PM,09F-24L
CSE111-14,,,ANK,MON+WED,9:30 AM,09A-06C,"AIB,NFK",TUE,11:00 AM,09F-24L
CSE111-15,,,AIB,SAT+THU,12:30 PM,10A-05C,"AVB,RAK",TUE,11:00 AM,10G-34L
CSE111-16,,,AIB,SUN+TUE,8:00 AM,09D-17C,"FGZ,FEK",WED,11:00 AM,09F-24L
CSE111-17,,,TMD,SUN+TUE,11:00 AM,07F-22C,"SBB,MAU",WED,11:00 AM,09E-22L
CSE111-18,,,TMD,SUN+TUE,12:30 PM,07F-22C,"AVB,ART",WED,11:00 AM,09F-26L
CSE111-19,,,TAW,SUN+TUE,11:00 AM,10A-09C,"TAW,ADU",WED,2:00 PM,12F-31L
CSE111-20,,,TAW,SUN+TUE,12:30 PM,10A-09C,"ANT,ART",WED,2:00 PM,09F-26L
CSE111-21,,,TAW,MON+WED,12:30 PM,10A-09C,"TAW,RHS",THU,11:00 AM,12F-31L
CSE111-22,,,RAK,MON+WED,12:30 PM,09H-34C,"ADU,MAU",TUE,11:00 AM,09B-08L
CSE111-24,,,MAU,SAT+THU,11:00 AM,09A-01C,"ANK,SBHN",WED,11:00 AM,09F-27L
CSE111-25,,,RHS,SAT+THU,8:00 AM,09A-05C,"RHS,MNRS",WED,2:00 PM,09F-27L
CSE111-26,,,AFA,SAT+THU,9:30 AM,09A-05C,"SSMT,AOH",TUE,8:00 AM,10G-34L
CSE220-01,,,PNP,SUN+TUE,11:00 AM,09H-32C,"EHD,MMP",MON,8:00 AM,09B-10L
CSE220-02,,,PNP,SUN+TUE,12:30 PM,09H-32C,"MNRS,KKS",MON,11:00 AM,09B-11L
CSE220-03,,,MZG,MON+WED,11:00 AM,10A-10C,"AHU,TJW",SUN,8:00 AM,09B-10L
CSE220-04,,,SSMT,MON+WED,12:30 PM,10A-10C,"AYO,SADF",SUN,2:00 PM,09B-10L
CSE220-05,,,MDF,MON+WED,2:00 PM,09A-04C,"NNY,NDT",SUN,8:00 AM,09B-11L
CSE220-06,,,MDF,SUN+TUE,3:30 PM,09A-04C,"NFF,ANV",MON,8:00 AM,09F-27L
CSE220-07,,,MUNR,SUN+TUE,9:30 AM,09D-17C,"RTF,MNW",MON,11:00 AM,09B-08L
CSE220-08,,,MUNR,SUN+TUE,11:00 AM,09D-17C,"NSQ,DBY",MON,11:00 AM,09B-09L
CSE220-12,,,MTF,SAT+THU,11:00 AM,09H-37C,"AIB,RTF",SUN,11:00 AM,09E-22L
CSE220-13,,,MTF,SAT+THU,12:30 PM,09H-37C,"AJA,SHMK",MON,11:00 AM,09E-22L
CSE220-14,,,MTF,MON+WED,8:00 AM,09D-18C,"MHE,AJK",SUN,8:00 AM,09B-08L
CSE220-15,,,MTF,MON+WED,9:30 AM,09D-18C,"NNY,TJW",SUN,2:00 PM,09B-08L
CSE220-16,,,JMA,SUN+TUE,9:30 AM,10A-07C,"AJK,MNRS",MON,8:00 AM,09B-09L
CSE220-17,,,JMA,SUN+TUE,11:00 AM,10A-07C,"RAK,PSM",MON,8:00 AM,09B-11L
CSE220-18,,,NSB,MON+WED,9:30 AM,10A-08C,"MHV,MNP",SUN,8:00 AM,09B-09L
CSE220-19,,,NSB,MON+WED,12:30 PM,10A-08C,"HAS,MHV",SUN,2:00 PM,09B-09L
CSE220-20,,,AYO,SUN+TUE,11:00 AM,09H-33C,"NWN,WBH",MON,11:00 AM,09B-10L
CSE220-21,,,AYO,SUN+TUE,12:30 PM,09H-33C,"SUE,KKS",MON,2:00 PM,09B-11L
CSE220-22,,,AIB,SAT+THU,8:00 AM,09H-37C,"SHAH,NWN",SUN,2:00 PM,09E-21L
CSE220-23,,,AIB,SAT+THU,9:30 AM,09H-37C,"MAF,HJB",SUN,8:00 AM,09E-22L
CSE220-24,,,SWG,SUN+TUE,11:00 AM,09D-18C,"SBDK,DBY",MON,2:00 PM,09B-09L
CSE220-25,,,AHU,SAT+THU,11:00 AM,09A-05C,"AJK,NNY",MON,11:00 AM,09E-21L
CSE220-26,,,KKS,SUN+TUE,12:30 PM,10A-10C,"SADF,MMP",MON,2:00 PM,09E-21L
CSE220-27,,,SWG,MON+WED,12:30 PM,09H-32C,"RFF,MHV",SUN,11:00 AM,09B-10L
CSE220-28,,,AJA,MON+WED,2:00 PM,10A-10C,"DBY,SJM",SUN,2:00 PM,09B-11L
CSE220-29,,,AJA,MON+WED,3:30 PM,10A-10C,"RAK,DBY",SUN,11:00 AM,09E-21L
CSE220-30,,,ZMD,SUN+TUE,11:00 AM,09H-36C,"WBH,MAF",MON,2:00 PM,09B-10L
CSE220-31,,,ZMD,SUN+TUE,12:30 PM,09H-36C,"SJM,TNZ",MON,8:00 AM,09E-21L
CSE220-32,,,ZMD,MON+WED,11:00 AM,09A-06C,"AHU,AJK",SUN,11:00 AM,09B-09L
CSE220-33,,,MNY,MON+WED,2:00 PM,09H-37C,"MZG,MHE",SUN,11:00 AM,09B-11L
CSE220-34,,,AHU,SAT+THU,12:30 PM,09A-05C,"IRZ,SHMK",MON,8:00 AM,09E-22L
CSE220-35,,,EHD,SUN+TUE,12:30 PM,09C-13C,"RAK,PSM",MON,2:00 PM,10E-27L
CSE220-36,,,SBDK,SAT+THU,11:00 AM,07D-20C,"AKDR,ASMN",MON,8:00 AM,09F-25L
CSE220-37,,,SBDK,SAT+THU,12:30 PM,07D-20C,"NSQ,SSMT",MON,8:00 AM,12D-26L
CSE220-38,,,MZG,SUN+TUE,9:30 AM,07D-20C ,"HJB,SWG",MON,8:00 AM,12F-31L
CSE221-01,,,PNP,MON+WED,11:00 AM,09H-33C,"TAP,AWK",SUN,11:00 AM,09F-24L
CSE221-02,,,PNP,MON+WED,12:30 PM,09H-33C,"SARF,ANV",SUN,8:00 AM,12F-30L
CSE221-03,,,TAP,SAT+THU,2:00 PM,09H-35C,"RAK,PSM",SUN,8:00 AM,12D-26L
CSE221-04,,,TAP,SAT+THU,3:30 PM,09H-35C,"ARD,SARF",SUN,2:00 PM,09F-25L
CSE221-05,,,RSS,MON+WED,3:30 PM,07H-27C,"ARD,KKP",SUN,8:00 AM,09F-25L
CSE221-06,,,FGZ,SUN+TUE,8:00 AM,10A-05C,"ARD,HFN",SAT,11:00 AM,09B-08L
CSE221-07,,,FGZ,SUN+TUE,9:30 AM,10A-05C,"ARD,ZYH",SAT,2:00 PM,09B-08L
CSE221-08,,,IBA,SUN+TUE,2:00 PM,09H-32C,"ANV,HFN",SAT,8:00 AM,09B-10L
CSE221-09,,,IBA,SUN+TUE,3:30 PM,09H-32C,"AYO,HFN",SAT,2:00 PM,09B-10L
CSE221-10,,,IBA,MON+WED,2:00 PM,09A-06C,"SARF,PSM",SUN,11:00 AM,12F-30L
CSE221-11,,,IBA,MON+WED,3:30 PM,09A-06C,"MUNR,MTJ",SUN,2:00 PM,12F-30L
CSE221-12,,,MUNR,MON+WED,12:30 PM,07F-22C,"TAP,MMP",SAT,11:00 AM,09B-11L
CSE221-13,,,MUNR,MON+WED,9:30 AM,10A-09C,"FDZ,PSM",SAT,11:00 AM,09E-21L
CSE221-14,,,DPU,SUN+TUE,12:30 PM,09H-37C,"NAN,MLH",SAT,2:00 PM,09B-09L
CSE221-15,,,MNW,MON+WED,9:30 AM,09H-34C,"NQM,PSM",SAT,2:00 PM,09B-11L
CSE221-16,,,ZYH,SAT+THU,9:30 AM,09H-35C,"SBDK,FHZ",SUN,2:00 PM,09E-22L
CSE221-17,,,ZYH,SAT+THU,11:00 AM,09H-35C,"SMUR,AKDR",SUN,11:00 AM,10G-34L
CSE221-18,,,NSB,SUN+TUE,9:30 AM,10A-10C,"AKDR,SDTS",SAT,8:00 AM,09B-09L
CSE221-19,,,NSB,SUN+TUE,12:30 PM,10A-04C,"NFF,MHE",SAT,11:00 AM,09B-09L
CSE221-20,,,AYO,SAT+THU,11:00 AM,09H-33C,"EHD,SDTS",SUN,8:00 AM,10G-34L
CSE221-21,,,AYO,SAT+THU,12:30 PM,09H-33C,"MTJ,KKS",SUN,8:00 AM,12F-32L
CSE221-22,,,ANK,MON+WED,8:00 AM,09A-06C,"FDZ,MMP",SAT,8:00 AM,09E-21L
CSE221-23,,,ZMD,MON+WED,12:30 PM,09A-06C,"NAN,SMUR",SUN,2:00 PM,09F-24L
CSE221-24,,,MMM,SAT+THU,8:00 AM,10A-07C,"MTJ,ARD",SUN,11:00 AM,09F-25L
CSE221-25,,,MMM,SUN+TUE,8:00 AM,07H-26C,"ARD,PSM",SAT,8:00 AM,09B-08L
CSE221-28,,,DPU,MON+WED,12:30 PM,09D-17C,"NQM,RTF",SUN,8:00 AM,09F-24L
CSE221-29,,,EHD,MON+WED,12:30 PM,09A-01C,"MNW,MTJ",SAT,11:00 AM,09F-25L
CSE221-30,,,EHD,MON+WED,2:00 PM,07F-22C,"NFF,FDZ",SAT,2:00 PM,09F-25L
CSE221-31,,,SBDK,SAT+THU,3:30 PM,07D-20C,"ANV,AKDR",SAT,11:00 AM,09E-22L
CSE230-01,,,AVB,SUN+TUE,8:00 AM,09H-32C,,,,
CSE230-02,,,AVB,SUN+TUE,9:30 AM,09H-32C,,,,
CSE230-03,,,FIC,MON+WED,8:00 AM,09H-36C,,,,
CSE230-04,,,TSM,MON+WED,9:30 AM,09H-36C,,,,
CSE230-05,,,FIC,SUN+TUE,9:30 AM,09H-33C,,,,
CSE230-06,,,AMK,MON+WED,11:00 AM,09D-17C,,,,
CSE230-07,,,FHZ,SUN+TUE,9:30 AM,09H-37C,,,,
CSE230-08,,,FHZ,SUN+TUE,11:00 AM,09H-37C,,,,
CSE230-09,,,SMUR,SAT+THU,8:00 AM,09H-34C,,,,
CSE230-10,,,YND,SAT+THU,9:30 AM,09H-34C,,,,
CSE230-11,,,BAS,SAT+THU,11:00 AM,09H-34C,,,,
CSE230-12,,,QAR,SAT+THU,12:30 PM,09H-34C,,,,
CSE230-13,,,NFK,SAT+THU,2:00 PM,09H-34C,,,,
CSE230-14,,,NFK,SAT+THU,3:30 PM,09H-34C,,,,
CSE230-15,,,SADF,SUN+TUE,12:30 PM,09D-17C,,,,
CSE230-16,,,SADF,SUN+TUE,8:00 AM,09C-13C,,,,
CSE230-17,,,NNY,MON+WED,8:00 AM,10A-07C,,,,
CSE230-18,,,TSM,MON+WED,8:00 AM,09H-35C,,,,
CSE230-19,,,ADD,SAT+THU,8:00 AM,10A-08C,,,,
CSE230-20,,,ADD,SAT+THU,9:30 AM,09B-12C,,,,
CSE230-21,,,NFK,SAT+THU,11:00 AM,09H-32C,,,,
CSE230-22,,,BAS,SAT+THU,12:30 PM,09H-32C,,,,
CSE230-23,,,AHF,SAT+THU,2:00 PM,09H-32C,,,,
CSE230-24,,,AHF,SAT+THU,3:30 PM,09H-32C,,,,
CSE230-25,,,FDZ,SUN+TUE,8:00 AM,09A-02C,,,,
CSE230-26,,,FDZ,MON+WED,8:00 AM,09C-13C,,,,
CSE230-27,,,MSDH,MON+WED,8:00 AM,07H-27C,,,,
CSE230-28,,,QAR,SAT+THU,8:00 AM,07H-27C,,,,
CSE230-29,,,TSM,MON+WED,2:00 PM,10A-05C,,,,
CSE230-30,,,NNY,MON+WED,3:30 PM,07D-20C ,,,,
CSE230-31,,,TSM,SUN+TUE,3:30 PM,07D-20C ,,,,
CSE250-01,,,KRP,SUN+TUE,8:00 AM,07H-27C,"SDAS,MHY",MON,8:00 AM,12B-20L
CSE250-02,,,PDS,SUN+TUE,9:30 AM,07H-27C,"SZZ,MOM",MON,11:00 AM,FT10-02L
CSE250-03,,,SEF,SUN+TUE,12:30 PM,07H-27C,"KRP,ZAZ",WED,8:00 AM,12B-20L
CSE250-04,,,PDS,SUN+TUE,2:00 PM,07H-27C,"EHQ,THL",THU,11:00 AM,12B-20L
CSE250-05,,,AKJ,SUN+TUE,3:30 PM,07H-27C,"MHY,SEF",THU,2:00 PM,12B-20L
CSE250-06,,,EHQ,SUN+TUE,8:00 AM,09A-01C,"ZBH,NUR",MON,11:00 AM,FT10-01L
CSE250-07,,,ZBH,SAT+THU,3:30 PM,09A-03C,"PDS,SDL",MON,2:00 PM,12B-20L
CSE250-08,,,SKE,SUN+TUE,11:00 AM,09A-02C,"PDS,SMY",WED,8:00 AM,12B-20L
CSE250-09,,,SDL,SUN+TUE,12:30 PM,09A-01C,"TAV,SDQ",THU,11:00 AM,12B-20L
CSE250-10,,,KRP,SUN+TUE,2:00 PM,09A-01C,"THL,PMD",THU,2:00 PM,12B-20L
CSE250-11,,,AQT,SAT+THU,9:30 AM,07H-26C,"EHQ,SZZ",SUN,11:00 AM,12B-20L
CSE250-12,,,TAV,SUN+TUE,8:00 AM,09H-35C,"KFP,MBM",MON,2:00 PM,12B-20L
CSE250-14,,,RMT,MON+WED,8:00 AM,09A-02C,"TSE,FFR",SUN,8:00 AM,12B-20L
CSE250-15,,,SDS,MON+WED,9:30 AM,09A-02C,"MHY,FFR",SAT,2:00 PM,12B-20L
CSE250-16,,,MBM,MON+WED,11:00 AM,09A-02C,"MHY,HMH",SAT,8:00 AM,FT10-01L
CSE250-17,,,SDS,MON+WED,12:30 PM,09A-02C,"FFR,SDL",TUE,8:00 AM,12B-20L
CSE250-18,,,SDQ,MON+WED,2:00 PM,09A-02C,"SMY,RFQ",SAT,11:00 AM,12B-20L
CSE250-19,,,SDQ,MON+WED,3:30 PM,09A-02C,"FFR,QSH",TUE,2:00 PM,12B-20L
CSE250-20,,,MBM,MON+WED,8:00 AM,09D-17C,"MHY,MBM",SUN,8:00 AM,12B-20L
CSE250-21,,,SDL,SUN+TUE,3:30 PM,09A-01C,"SMY,MWR",SAT,2:00 PM,12B-20L
CSE250-22,,,ZAZ,MON+WED,12:30 PM,07H-27C,"RFQ,YAP",SAT,8:00 AM,FT10-02L
CSE250-23,,,UTS,MON+WED,2:00 PM,07H-27C,"UPM,AKJ",TUE,8:00 AM,12B-20L
CSE250-24,,,UTS,MON+WED,8:00 AM,09A-01C,"RAS,MWR",SAT,11:00 AM,12B-20L
CSE250-25,,,FFR,SAT+THU,8:00 AM,07H-26C,"KRP,NUR",TUE,11:00 AM,FT10-01L
CSE250-26,,,AQT,SAT+THU,8:00 AM,07F-22C,"SMY,SEF",WED,2:00 PM,FT10-02L
CSE250-27,,,PMD,SAT+THU,9:30 AM,07F-22C,"MBM,MHY",SUN,11:00 AM,12B-20L
CSE250-28,,,FFR,SAT+THU,11:00 AM,07F-22C,"EHQ,SMY",SUN,2:00 PM,FT10-01L
CSE250-29,,,KFP,SAT+THU,12:30 PM,07F-22C,"PMD,KFP",SUN,2:00 PM,FT10-02L
CSE250-30,,,ZAZ,SAT+THU,2:00 PM,07F-22C,"KRP,RMT",THU,11:00 AM,FT10-03L
CSE250-31,,,RFQ,SAT+THU,3:30 PM,07F-22C,"HMH,SDQ",TUE,2:00 PM,12B-20L
CSE250-32,,,MHY,SAT+THU,11:00 AM,07H-26C,"RAO,KFP",THU,2:00 PM,FT10-01L
CSE250-33,,,ZBH,SAT+THU,12:30 PM,07H-26C,"PDS,UTS",WED,11:00 AM,12B-20L
CSE250-34,,,SKE,SAT+THU,2:00 PM,07H-26C,"AKJ,SKE",WED,11:00 AM,12B-20L
CSE250-35,,,TAV,SUN+TUE,11:00 AM,07D-20C ,"PMD,AQT",SAT,2:00 PM,FT10-01L
CSE251-01,,,YAP,SUN+TUE,8:00 AM,09A-03C,"EHQ,TAV",THU,8:00 AM,12B-20L
CSE251-02,,,TMY,SUN+TUE,9:30 AM,09A-03C,"RAS,TAV",WED,11:00 AM,FT08-04L
CSE251-03,,,PDS,SUN+TUE,11:00 AM,09A-03C,"RAS,PMD",MON,8:00 AM,FT10-01L
CSE251-04,,,UTS,SUN+TUE,12:30 PM,09A-03C,"HAD,PDS",MON,8:00 AM,FT10-02L
CSE251-05,,,AGS,SUN+TUE,2:00 PM,09A-03C,"HMH,AGS",SAT,11:00 AM,FT10-01L
CSE251-06,,,UPM,SUN+TUE,3:30 PM,09A-03C,"MOM,SDL",SAT,2:00 PM,FT10-02L
CSE251-07,,,AKJ,MON+WED,8:00 AM,09A-03C,"AQT,MOM",SUN,8:00 AM,FT10-01L
CSE251-08,,,RAS,MON+WED,3:30 PM,10A-04C,"PMD,SMY",SUN,8:00 AM,FT10-03L
CSE251-09,,,RMT,MON+WED,9:30 AM,09A-03C,"SDL,TMY",SAT,11:00 AM,FT10-03L
CSE251-10,,,RAO,MON+WED,12:30 PM,09A-03C,"ZBH,RAS",TUE,8:00 AM,FT10-03L
CSE251-11,,,THL,MON+WED,2:00 PM,09A-03C,"AQT,MBM",TUE,2:00 PM,FT10-03L
CSE251-12,,,MFSQ,MON+WED,3:30 PM,09A-03C,"HMH,RAO",THU,8:00 AM,12B-20L
CSE251-13,,,MWR,SAT+THU,8:00 AM,09A-02C,"SZZ,SEF",WED,8:00 AM,FT10-01L
CSE251-14,,,MOM,SAT+THU,9:30 AM,09A-02C,"SDAS,THL",WED,8:00 AM,FT10-02L
CSE251-15,,,RAO,SAT+THU,11:00 AM,09A-02C,"NUR,FFR",WED,11:00 AM,FT10-03L
CSE251-16,,,MOM,SAT+THU,12:30 PM,09A-02C,"FFR,AQT",SUN,11:00 AM,FT10-03L
CSE251-17,,,EHQ,SAT+THU,2:00 PM,09A-02C,"MFSQ,NUR",SUN,11:00 AM,FT10-02L
CSE251-18,,,TSE,SAT+THU,3:30 PM,09A-02C,"MFSQ,SZZ",MON,8:00 AM,FT08-04L
CSE251-19,,,MWR,SUN+TUE,8:00 AM,10A-07C,"UPM,SEF",THU,11:00 AM,FT10-02L
CSE251-20,,,THL,SUN+TUE,12:30 PM,10A-07C,"SDU,MFSQ",SUN,2:00 PM,FT08-04L
CSE251-21,,,TMY,SUN+TUE,8:00 AM,09B-12C,"RMT,SMY",THU,8:00 AM,FT10-03L
CSE251-22,,,HMH,SUN+TUE,12:30 PM,09B-12C,"KFP,UTS",MON,11:00 AM,FT10-03L
CSE251-24,,,RAS,MON+WED,2:00 PM,10A-04C,"AGS,SEF",TUE,8:00 AM,FT10-02L
CSE251-25,,,MFSQ,MON+WED,2:00 PM,09A-07C,"HAD,ZBH",TUE,2:00 PM,FT10-01L
CSE251-26,,,TSE,SAT+THU,12:30 PM,09A-03C,"MWR,HAD",TUE,11:00 AM,FT10-02L
CSE251-27,,,HMH,SAT+THU,2:00 PM,09A-03C,"ZAZ,TSE",SAT,8:00 AM,FT08-04L
CSE251-28,,,AKJ,SUN+TUE,12:30 PM,07D-20C ,"TMY,FFR",WED,8:00 AM,FT10-03L
CSE260-01,,,FIC,SUN+TUE,8:00 AM,09H-33C,"RDS,PRC",MON,2:00 PM,FT10-04L
CSE260-02,,,MDF,SUN+TUE,2:00 PM,09A-04C,"FIC,LMI",WED,11:00 AM,FT10-04L
CSE260-03,,,MDF,MON+WED,3:30 PM,09A-04C,"LMI,ABDK",SAT,11:00 AM,FT10-04L
CSE260-04,,,APM,SUN+TUE,11:00 AM,09A-05C,"PLN,MDF",MON,8:00 AM,FT10-04L
CSE260-05,,,FIC,MON+WED,2:00 PM,09H-36C,"PBK,TJW",SAT,2:00 PM,FT10-04L
CSE260-06,,,HAS,MON+WED,3:30 PM,09H-36C,"RFF,TJW",SAT,8:00 AM,FT10-04L
CSE260-07,,,NMP,MON+WED,11:00 AM,09H-32C,"MCW,ABU",THU,8:00 AM,FT10-02L
CSE260-08,,,PBK,SAT+THU,9:30 AM,10A-05C,"AFQ,TJW",WED,2:00 PM,FT10-04L
CSE260-09,,,PBK,SAT+THU,11:00 AM,10A-05C,"DZK,SUE",THU,8:00 AM,FT10-04L
CSE260-10,,,DZK,SUN+TUE,11:00 AM,09A-04C,"PBK,DZK",THU,2:00 PM,FT10-04L
CSE260-11,,,DZK,SUN+TUE,12:30 PM,09A-04C,"DZK,LMI",THU,11:00 AM,FT10-04L
CSE260-12,,,DZK,MON+WED,11:00 AM,09A-04C,"MDW,TWK",SUN,11:00 AM,FT10-04L
CSE260-13,,,DZK,MON+WED,12:30 PM,09A-04C,"MTJ,HAS",TUE,11:00 AM,FT10-04L
CSE260-14,,,LMI,SAT+THU,8:00 AM,09C-13C,"MDF,MCW",SUN,8:00 AM,FT10-04L
CSE260-15,,,LMI,SAT+THU,9:30 AM,09C-13C,"RDS,AAF",SUN,2:00 PM,FT10-04L
CSE260-16,,,NMP,SAT+THU,11:00 AM,09C-13C,"MCW,FIC",MON,11:00 AM,FT10-04L
CSE260-17,,,TJW,SAT+THU,12:30 PM,09C-13C,"NFF,NMP",WED,8:00 AM,FT10-04L
CSE260-18,,,NLH,SAT+THU,2:00 PM,09D-17C,"AFQ,AAF",TUE,8:00 AM,FT10-04L
CSE260-19,,,AFQ,SAT+THU,3:30 PM,09D-17C,"ABU,WBH",TUE,2:00 PM,FT10-04L
CSE260-20,,,NLH,SUN+TUE,2:00 PM,07D-20C ,"ABU,MCW",THU,2:00 PM,FT08-04L
CSE260-21,,,AKDR,MON+WED,3:30 PM,09C-13C,"TJH,PRC",SUN,8:00 AM,FT08-04L
CSE260-22,,,TWK,SUN+TUE,9:30 AM,09H-34C,"NFF,MTJ",MON,2:00 PM,FT10-01L
CSE260-23,,,MCW,MON+WED,3:30 PM,10A-07C,"PLN,WBH",TUE,8:00 AM,FT10-01L
CSE320-01,EEE361,EEE362,MSMA,MON+WED,8:00 AM,09A-05C,,,,
CSE320-02,EEE361,EEE362,MSMA,MON+WED,9:30 AM,09A-05C,,,,
CSE320-03,EEE361,EEE362,TAP,SUN+TUE,2:00 PM,09H-33C,,,,
CSE320-04,EEE361,EEE362,TAP,SUN+TUE,3:30 PM,09H-33C,,,,
CSE320-05,EEE361,EEE362,FGZ,MON+WED,8:00 AM,10A-05C,,,,
CSE320-06,EEE361,EEE362,FGZ,MON+WED,9:30 AM,10A-05C,,,,
CSE320-07,EEE361,EEE362,SRJ,SAT+THU,2:00 PM,07H-27C,,,,
CSE320-08,EEE361,EEE362,SRJ,SAT+THU,3:30 PM,07H-27C,,,,
CSE320-09,EEE361,EEE362,STV,SUN+TUE,9:30 AM,09H-35C,,,,
CSE320-10,EEE361,EEE362,KSJ,SUN+TUE,11:00 AM,09H-35C,,,,
CSE320-11,EEE361,EEE362,AAF,SUN+TUE,11:00 AM,10A-10C,,,,
CSE320-12,EEE361,EEE362,AHU,SUN+TUE,2:00 PM,10A-10C,,,,
CSE320-13,EEE361,EEE362,AHU,SUN+TUE,3:30 PM,09H-34C,,,,
CSE320-14,EEE361,EEE362,RFJ,SAT+THU,9:30 AM,09A-06C,,,,
CSE320-15,EEE361,EEE362,MAF,SAT+THU,12:30 PM,09A-01C,,,,
CSE320-16,EEE361,EEE362,NTR,SUN+TUE,12:30 PM,09H-34C,,,,
CSE320-17,EEE361,EEE362,NTR,SUN+TUE,3:30 PM,10A-10C,,,,
CSE320-18,EEE361,EEE362,NTR,MON+WED,12:30 PM,09A-07C,,,,
CSE320-19,EEE361,EEE362,RFJ,SAT+THU,8:00 AM,10A-05C,,,,
CSE320-20,EEE361,EEE362,YND,SAT+THU,8:00 AM,10A-06C,,,,
CSE320-21,EEE361,EEE362,MOZR,SAT+THU,9:30 AM,10A-06C,,,,
CSE320-22,EEE361,EEE362,SHAH,SAT+THU,11:00 AM,10A-04C,,,,
CSE320-23,EEE361,EEE362,LHK,SAT+THU,12:30 PM,10A-08C,,,,
CSE320-24,EEE361,EEE362,MOZR,SAT+THU,2:00 PM,10A-04C,,,,
CSE320-25,EEE361,EEE362,MOZR,SAT+THU,3:30 PM,10A-04C,,,,
CSE320-26,EEE361,EEE362,SHAH,SAT+THU,2:00 PM,10A-05C,,,,
CSE320-27,EEE361,EEE362,SHAH,SAT+THU,3:30 PM,10A-05C,,,,
CSE320-28,EEE361,EEE362,LHK,MON+WED,8:00 AM,09A-07C,,,,
CSE320-29,EEE361,EEE362,SHRR,MON+WED,3:30 PM,07H-26C,,,,
CSE320-30,EEE361,EEE362,SHRR,MON+WED,2:00 PM,07H-26C,,,,
CSE320-31,EEE361,EEE362,THR,MON+WED,8:00 AM,09H-37C,,,,
CSE320-32,EEE361,EEE362,KSJ,SUN+TUE,8:00 AM,07D-20C ,,,,
CSE320-33,EEE361,EEE362,THR,MON+WED,2:00 PM,07D-20C ,,,,
CSE320-34,EEE361,EEE362,MAF,SUN+TUE,3:30 PM,10A-04C,,,,
CSE321-01,,,ACH,SUN+TUE,11:00 AM,09H-34C,"NFF,MTU",WED,2:00 PM,09F-25L
CSE321-02,,,ACH,SUN+TUE,2:00 PM,09H-34C,"SULT,SWV",MON,2:00 PM,12D-27L
CSE321-03,,,BDH,SUN+TUE,11:00 AM,07H-26C,"BDH,ATY",MON,11:00 AM,10G-32L
CSE321-04,,,BDH,SUN+TUE,12:30 PM,07H-26C,"BDH,ATY",WED,11:00 AM,12D-27L
CSE321-05,,,BDH,SUN+TUE,3:30 PM,07H-26C,"TSD,SMKD",THU,2:00 PM,12D-26L
CSE321-06,,,ATY,MON+WED,8:00 AM,07H-26C,"SHMK,SMKD",SUN,11:00 AM,FT11-04L
CSE321-07,,,ATY,MON+WED,9:30 AM,07H-26C,"MAO,SMKD",SUN,2:00 PM,FT11-04L
CSE321-08,,,NAN,SAT+THU,8:00 AM,10A-04C,"SMKD,ASMN",SAT,2:00 PM,12D-26L
CSE321-09,,,TSD,SAT+THU,9:30 AM,10A-04C,"ASMN,SZD",THU,2:00 PM,12D-27L
CSE321-10,,,ATY,SUN+TUE,11:00 AM,09A-01C,"KSJ,ASMN",WED,2:00 PM,12D-26L
CSE321-11,,,NTR,MON+WED,3:30 PM,09A-07C,"SWV,MAO",SAT,11:00 AM,12D-26L
CSE321-12,,,SULT,SAT+THU,11:00 AM,08H-22C,"MAO,SMKD",TUE,8:00 AM,12D-27L
CSE321-13,,,SWV,SAT+THU,8:00 AM,09H-32C,"SULT,MAO",TUE,2:00 PM,09F-25L
CSE321-14,,,SWV,SAT+THU,9:30 AM,09H-32C,"SMUR,NTN",MON,11:00 AM,12D-27L
CSE321-15,,,KBS,MON+WED,3:30 PM,09H-34C,"SMKD,MTU",TUE,11:00 AM,12D-27L
CSE321-16,,,KBS,SAT+THU,8:00 AM,07D-19C,"KBS,SMUR",SAT,2:00 PM,12D-27L
CSE330-01,,,APM,SAT+THU,8:00 AM,07D-20C,"KHC,RDS",SUN,8:00 AM,09F-26L
CSE330-02,,,NTN,SUN+TUE,9:30 AM,09A-06C,"WBH,TWK",WED,8:00 AM,12D-27L
CSE330-03,,,RZR,SUN+TUE,11:00 AM,09A-06C,"SKW,RDS",MON,8:00 AM,09F-26L
CSE330-04,,,AMK,MON+WED,2:00 PM,09D-17C,"MSDH,TWK",SUN,2:00 PM,09F-26L
CSE330-05,,,AQU,SUN+TUE,2:00 PM,10A-06C,"ALB,NLH",THU,11:00 AM,09F-26L
CSE330-06,,,AQU,SUN+TUE,3:30 PM,10A-06C,"TWK,SKW",SAT,2:00 PM,09F-24L
CSE330-07,,,APM,SAT+THU,2:00 PM,09H-37C,"MSDH,ARD",TUE,11:00 AM,09B-11L
CSE330-08,,,APM,SAT+THU,3:30 PM,09H-37C,"RDS,WBH",WED,2:00 PM,10G-32L
CSE330-09,,,RZR,SUN+TUE,12:30 PM,09A-05C,"MKSK,NTN",THU,8:00 AM,09F-26L
CSE330-10,,,SADF,MON+WED,11:00 AM,09H-36C,"SKW,NTN",TUE,2:00 PM,09B-10L
CSE330-11,,,SADF,MON+WED,12:30 PM,09H-36C,"MKSK,NTN",THU,2:00 PM,09F-26L
CSE330-12,,,MNW,SAT+THU,9:30 AM,09H-33C,"RRH,MNP",MON,11:00 AM,09F-26L
CSE330-13,,,MNW,SAT+THU,8:00 AM,09H-33C,"NLH,ALB",SUN,8:00 AM,09E-21L
CSE330-14,,,ALB,SAT+THU,2:00 PM,09H-33C,"APM,MNP",TUE,8:00 AM,09B-10L
CSE330-15,,,ALB,SAT+THU,3:30 PM,09H-33C,"AQU,MSDH",WED,11:00 AM,09F-25L
CSE330-16,,,MNP,SAT+THU,2:00 PM,10A-06C,"NLH,MKSK",SAT,8:00 AM,09F-24L
CSE330-17,,,NTN,MON+WED,8:00 AM,07F-22C,"AAF,TWK",SAT,11:00 AM,09F-24L
CSE330-18,,,MNP,SAT+THU,12:30 PM,09H-35C,"MNP,UMS",MON,2:00 PM,09F-26L
CSE330-19,,,MNW,MON+WED,8:00 AM,10A-09C,"KHC,UMS",THU,2:00 PM,12F-31L
CSE330-20,,,SKW,SUN+TUE,8:00 AM,09H-34C,"SKW,KHC",SAT,8:00 AM,09E-22L
CSE330-21,,,MKSK,SAT+THU,12:30 PM,07D-19C,"UMS,WBH",SAT,8:00 AM,09B-11L
CSE330-22,,,SKW,SUN+TUE,12:30 PM,08H-22C,"HJB,ALB",MON,2:00 PM,12F-32L
CSE331-01,,,RSS,SAT+THU,2:00 PM,09D-18C,,,,
CSE331-02,,,RSS,SAT+THU,3:30 PM,09D-18C,,,,
CSE331-03,,,FHZ,MON+WED,9:30 AM,09A-07C,,,,
CSE331-04,,,FHZ,MON+WED,11:00 AM,09A-07C,,,,
CSE331-05,,,KKP,SUN+TUE,2:00 PM,09H-35C,,,,
CSE331-06,,,KKP,SUN+TUE,3:30 PM,09H-35C,,,,
CSE331-07,,,KKP,MON+WED,9:30 AM,09H-35C,,,,
CSE331-08,,,KKP,MON+WED,11:00 AM,09H-35C,,,,
CSE331-09,,,MSDH,MON+WED,2:00 PM,09H-35C,,,,
CSE331-10,,,ZYH,MON+WED,3:30 PM,09H-35C,,,,
CSE331-11,,,NFP,SUN+TUE,9:30 AM,10A-08C,,,,
CSE331-12,,,NFP,SUN+TUE,11:00 AM,10A-08C,,,,
CSE331-13,,,NFP,MON+WED,9:30 AM,10A-07C,,,,
CSE331-14,,,NFP,MON+WED,11:00 AM,10A-07C,,,,
CSE331-15,,,DFD,MON+WED,9:30 AM,10A-10C,,,,
CSE331-16,,,NWN,MON+WED,8:00 AM,10A-08C,,,,
CSE331-17,,,AFA,SAT+THU,12:30 PM,09A-06C,,,,
CSE331-18,,,AFA,SAT+THU,2:00 PM,09A-06C,,,,
CSE331-19,,,MLH,SUN+TUE,8:00 AM,10A-09C,,,,
CSE331-20,,,MLH,SUN+TUE,9:30 AM,10A-09C,,,,
CSE331-21,,,NWN,SUN+TUE,9:30 AM,09A-01C,,,,
CSE331-22,,,FDM,SAT+THU,11:00 AM,07D-19C,,,,
CSE340-01,EEE410,,ACH,MON+WED,11:00 AM,09H-34C,,,,
CSE340-02,EEE410,,ACH,MON+WED,2:00 PM,09H-34C,,,,
CSE340-03,EEE410,,RDW,SAT+THU,11:00 AM,10A-09C,,,,
CSE340-04,EEE410,,RDW,SAT+THU,12:30 PM,10A-09C,,,,
CSE340-05,EEE410,,RDW,SUN+TUE,8:00 AM,10A-10C,,,,
CSE340-06,EEE410,,PBK,SUN+TUE,12:30 PM,09A-06C,,,,
CSE340-07,EEE410,,PBK,SUN+TUE,2:00 PM,09A-06C,,,,
CSE340-08,EEE410,,FFU,SAT+THU,8:00 AM,08H-22C,,,,
CSE340-09,EEE410,,NAN,SUN+TUE,12:30 PM,09H-35C,,,,
CSE340-10,EEE410,,SWV,MON+WED,12:30 PM,09A-05C,,,,
CSE340-11,EEE410,,NAN,SAT+THU,9:30 AM,08H-22C,,,,
CSE340-12,EEE410,,HBN,SAT+THU,3:30 PM,09A-05C,,,,
CSE340-13,EEE410,,NTB,SAT+THU,9:30 AM,09H-36C,,,,
CSE340-14,EEE410,,NTB,SAT+THU,2:00 PM,09B-12C,,,,
CSE340-15,EEE410,,HBN,MON+WED,2:00 PM,08H-22C,,,,
CSE341-01,,,ZHS,MON+WED,9:30 AM,10A-04C,"YND,TNZ",TUE,2:00 PM,09E-21L
CSE341-02,,,RRH,SAT+THU,9:30 AM,09A-03C,"MTU,TNZ",SUN,8:00 AM,09F-27L
CSE341-03,,,RRH,MON+WED,9:30 AM,10A-06C,"HBN,SDW",SUN,11:00 AM,09F-27L
CSE341-04,,,UJT,MON+WED,11:00 AM,10A-06C,"MTU,SHMK",THU,11:00 AM,10G-34L
CSE341-05,,,UJT,MON+WED,12:30 PM,10A-06C,"MTU,SHMK",THU,2:00 PM,10G-34L
CSE341-06,,,RKN,SUN+TUE,8:00 AM,10A-06C,"YND,RTF",WED,2:00 PM,12F-30L
CSE341-07,,,RKN,SUN+TUE,9:30 AM,10A-06C,"WLV,LHK",MON,11:00 AM,10G-33L
CSE341-08,,,MAO,SAT+THU,8:00 AM,09B-12C,"SHMK,RTF",MON,2:00 PM,10G-32L
CSE341-09,,,FFU,SAT+THU,2:00 PM,09A-01C,"MAO,RKN",TUE,11:00 AM,09E-21L
CSE341-10,,,SUI,SAT+THU,3:30 PM,09A-01C,"HBN,YND",WED,11:00 AM,12F-30L
CSE341-11,,,SDW,SUN+TUE,3:30 PM,09A-05C,"TNZ,UMS",SAT,2:00 PM,10G-34L
CSE350-01,,,TNMF,SAT+THU,8:00 AM,09A-04C,"SDU,RAO",MON,2:00 PM,FT10-03L
CSE350-02,,,TNMF,SAT+THU,9:30 AM,09A-04C,"ZBH,RFQ",MON,2:00 PM,FT08-04L
CSE350-03,,,TNMF,SAT+THU,11:00 AM,09A-04C,"JMD,SZZ",TUE,8:00 AM,FT08-04L
CSE350-04,,,QSH,SAT+THU,12:30 PM,09A-04C,"SZZ,SDQ",TUE,11:00 AM,FT08-04L
CSE350-05,,,QSH,SAT+THU,2:00 PM,09A-04C,"QSH,HAD",WED,2:00 PM,FT08-04L
CSE350-06,,,ZAZ,SAT+THU,3:30 PM,09A-04C,"SDU,TAV",WED,2:00 PM,FT10-03L
CSE350-07,,,NUR,SUN+TUE,8:00 AM,10A-08C,"QSH,SDQ",WED,11:00 AM,FT10-01L
CSE350-08,,,SDU,SUN+TUE,12:30 PM,09A-07C,"JMD,SDU",THU,11:00 AM,FT08-04L
CSE350-09,,,SZZ,SUN+TUE,3:30 PM,09A-06C,"SKE,SDQ",SAT,11:00 AM,FT08-04L
CSE350-10,,,JMD,MON+WED,8:00 AM,10A-10C,"QSH,TSE",THU,8:00 AM,FT08-04L
CSE350-11,,,JMD,MON+WED,2:00 PM,09A-01C,"KRP,TSE",SUN,11:00 AM,FT08-04L
CSE350-12,,,NUR,MON+WED,3:30 PM,09A-01C,"RAS,TMY",SAT,2:00 PM,FT08-04L
CSE350-13,,,SDU,SUN+TUE,8:00 AM,09A-06C,"RAO,SKE",WED,2:00 PM,FT10-01L
CSE350-14,,,SKE,SAT+THU,3:30 PM,09A-07C,"SKE,SEF",SUN,8:00 AM,FT10-02L
CSE350-15,,,SZZ,MON+WED,3:30 PM,09G-29C,"SKE,TMY",TUE,2:00 PM,FT08-04L
CSE360-01,,,UJT,SUN+TUE,11:00 AM,10A-05C,"SUI,UJT",MON,2:00 PM,10G-33L
CSE360-02,,,UJT,SUN+TUE,12:30 PM,10A-05C,"SUI,UJT",MON,2:00 PM,10G-33L
CSE360-03,,,SRU,MON+WED,12:30 PM,10A-07C,"PRC,IRZ",SAT,8:00 AM,10G-33L
CSE360-04,,,KHR,MON+WED,2:00 PM,10A-07C,"PRC,IRZ",SAT,8:00 AM,10G-33L
CSE360-06,,,ASA,SAT+THU,11:00 AM,09B-12C,"SUI,PRC",TUE,11:00 AM,10G-33L
CSE360-07,,,ASA,SAT+THU,12:30 PM,09B-12C,"RDW,UJT",SUN,2:00 PM,10G-33L
CSE370-01,,,RBR,SUN+TUE,2:00 PM,10A-09C,"THR,SMKD",SAT,8:00 AM,10E-27L
CSE370-02,,,RBR,SUN+TUE,3:30 PM,10A-09C,"RZR,FUL",MON,2:00 PM,09F-27L
CSE370-03,,,DPU,SUN+TUE,8:00 AM,10A-04C,"ANV,MZW",SAT,2:00 PM,10E-27L
CSE370-04,,,DPU,SUN+TUE,9:30 AM,10A-04C,"THR,MZW",SAT,11:00 AM,10E-27L
CSE370-05,,,FEK,SUN+TUE,3:30 PM,09B-12C,"SHRR,FUL",MON,11:00 AM,09F-27L
CSE370-06,,,NNC,MON+WED,8:00 AM,09A-04C,"IRZ,SJM",THU,2:00 PM,10E-27L
CSE370-07,,,NNC,MON+WED,9:30 AM,09A-04C,"FEK,SHRR",SUN,11:00 AM,10E-27L
CSE370-08,,,NNC,SUN+TUE,8:00 AM,09A-04C,"DPU,MZW",MON,8:00 AM,10E-27L
CSE370-09,,,NNC,SUN+TUE,9:30 AM,09A-04C,"DBY,FZN",WED,8:00 AM,10E-27L
CSE370-10,,,MTT,SAT+THU,9:30 AM,10A-10C,"RBR,FEK",TUE,11:00 AM,10E-27L
CSE370-11,,,MTT,SAT+THU,11:00 AM,10A-10C,"FZN,WLV",TUE,2:00 PM,10E-27L
CSE370-12,,,MTT,MON+WED,9:30 AM,09C-13C,"DBY,MZW",THU,8:00 AM,10E-27L
CSE370-13,,,MTT,MON+WED,11:00 AM,09C-13C,"DBY,AFQ",THU,11:00 AM,10E-27L
CSE370-14,,,NZU,SAT+THU,8:00 AM,09D-18C,"NZU,MDW",SUN,2:00 PM,10E-27L
CSE370-15,,,NZU,SAT+THU,9:30 AM,09D-18C,"IRZ,ANV",TUE,8:00 AM,10E-27L
CSE370-16,,,WLV,SAT+THU,2:00 PM,10A-08C,"TNZ,IRZ",WED,2:00 PM,10E-27L
CSE370-17,,,FZN,MON+WED,3:30 PM,10A-06C,"FEK,MDW",SUN,8:00 AM,10E-27L
CSE370-18,,,PML,SAT+THU,12:30 PM,07H-27C,"SJM,TNZ",WED,11:00 AM,10E-27L
CSE370-19,,,AFQ,SAT+THU,2:00 PM,07D-20C,"FUL,FDM",MON,8:00 AM,12F-32L
CSE370-20,,,MTU,SUN+TUE,3:30 PM,10A-07C,"NFQ,SJM",THU,11:00 AM,09F-24L
CSE391-01,,,ADR,SUN+SUN,11:00 AM+12:30 PM,12F-31L,"ADR,AQJ",TUE,2:00 PM,12F-31L
CSE419-01,,,KKP,SUN+TUE,11:00 AM,10A-04C,"ARD,MLH",MON,8:00 AM,09F-24L
CSE420-01,,,MNY,MON+WED,11:00 AM,09H-37C,"FMK,AKDR",SAT,2:00 PM,09E-22L
CSE420-02,,,SUE,SAT+THU,3:30 PM,09A-06C,"SZD,SUE",TUE,8:00 AM,09B-11L
CSE420-03,,,SZD,SAT+THU,11:00 AM,09D-17C,"SZD,SUE",TUE,8:00 AM,09B-11L
CSE420-04,,,SUE,SAT+THU,12:30 PM,09D-17C,"SZD,SUE",SUN,2:00 PM,12F-32L
CSE420-05,,,NWN,SUN+TUE,12:30 PM,09D-18C,"FMK,AKDR",SAT,2:00 PM,09E-22L
CSE420-06,,,SZD,SAT+THU,8:00 AM,09H-35C,"SZD,SUE",SUN,2:00 PM,12F-32L
CSE421-01,EEE465,EEE466,ARF,MON+WED,11:00 AM,10A-04C,"MSMA,SRJ",SUN,2:00 PM,12D-26L
CSE421-02,EEE465,EEE466,ARF,MON+WED,12:30 PM,10A-04C,"MSMA,SRJ",SUN,2:00 PM,12D-26L
CSE421-03,EEE465,EEE466,MSMA,SUN+TUE,8:00 AM,09A-05C,"BAS,RDS",SAT,2:00 PM,09E-21L
CSE421-04,EEE465,EEE466,MSMA,SUN+TUE,9:30 AM,09A-05C,"BAS,RDS",SAT,2:00 PM,09E-21L
CSE421-05,EEE465,EEE466,SRJ,SAT+THU,9:30 AM,07H-27C,"MSMA,BAS",MON,11:00 AM,10G-34L
CSE421-06,EEE465,EEE466,SRJ,SAT+THU,11:00 AM,07H-27C,"MSMA,BAS",MON,11:00 AM,10G-34L
CSE421-07,EEE465,EEE466,NDT,MON+WED,11:00 AM,10A-05C,"TSD,RFJ",TUE,2:00 PM,12D-27L
CSE421-08,EEE465,EEE466,MMP,MON+WED,12:30 PM,10A-05C,"TSD,RFJ",TUE,2:00 PM,12D-27L
CSE421-09,EEE465,EEE466,TSD,SAT+THU,12:30 PM,10A-04C,"RFJ,ABDK",TUE,11:00 AM,09B-10L
CSE421-10,EEE465,EEE466,TSD,SUN+TUE,9:30 AM,09A-02C,"BAS,NDT",THU,8:00 AM,09F-24L
CSE421-11,EEE465,EEE466,FDC,SUN+TUE,11:00 AM,07H-27C,"BAS,NDT",THU,8:00 AM,09F-24L
CSE421-12,EEE465,EEE466,FDC,MON+WED,11:00 AM,07H-27C,"RFJ,ABDK",TUE,11:00 AM,09B-10L
CSE421-13,EEE465,EEE466,SKZ,MON+WED,2:00 PM,09C-16T,"NSQ,NDT",SUN,11:00 AM,10G-32L
CSE421-14,EEE465,EEE466,SKZ,MON+WED,2:00 PM,09C-16T,"NSQ,NDT",SUN,11:00 AM,10G-32L
CSE421-15,EEE465,EEE466,SULT,SAT+THU,12:30 PM,08H-22C,"RFJ,ABDK",MON,8:00 AM,10G-34L
CSE421-16,EEE465,EEE466,SULT,SAT+THU,3:30 PM,08H-22C,"RFJ,ABDK",MON,8:00 AM,10G-34L
CSE421-17,EEE465,EEE466,NDT,MON+WED,8:00 AM,07D-20C ,"WLV,RDS",SAT,8:00 AM,12D-27L
CSE421-18,EEE465,EEE466,ABDK,SAT+THU,3:30 PM,09H-36C,"WLV,RDS",SAT,8:00 AM,12D-27L
CSE422-01,EEE472,,ZHS,SUN+TUE,8:00 AM,09D-18C,"RZR,FFU",THU,11:00 AM,09E-22L
CSE422-02,EEE472,,ZHS,SUN+TUE,9:30 AM,09D-18C,"NFF,NSQ",THU,2:00 PM,09E-22L
CSE422-03,EEE472,,ZHS,MON+WED,8:00 AM,10A-04C,"MCW,AHF",SUN,2:00 PM,12D-27L
CSE422-04,EEE472,,TRZ,SAT+THU,11:00 AM,09D-18C,"ZHS,RSS",MON,11:00 AM,09F-24L
CSE422-05,EEE472,,TRZ,SAT+THU,12:30 PM,09D-18C,"ZHS,NSQ",TUE,11:00 AM,09E-22L
CSE422-06,EEE472,,TRZ,SUN+TUE,2:00 PM,07F-22C,"FFU,HJB",SAT,11:00 AM,09F-26L
CSE422-07,EEE472,,SWK,MON+WED,9:30 AM,09A-01C,"PLN,HJB",SAT,8:00 AM,09F-26L
CSE422-08,EEE472,,SWK,MON+WED,11:00 AM,09A-01C,"RZR,LHK",THU,8:00 AM,09E-22L
CSE422-09,EEE472,,JMA,MON+WED,9:30 AM,07F-22C,"ZHS,HAS",SUN,11:00 AM,09F-26L
CSE422-10,EEE472,,JMA,MON+WED,11:00 AM,07F-22C,"RZR,MZW",TUE,8:00 AM,09E-22L
CSE422-11,EEE472,,SWG,SUN+TUE,2:00 PM,09D-18C,"RRH,LHK",SAT,2:00 PM,09F-26L
CSE422-12,EEE472,,SWG,SUN+TUE,3:30 PM,09D-18C,"RSS,RZR",WED,11:00 AM,12F-32L
CSE422-13,EEE472,,IBU,SAT+THU,3:30 PM,09C-13C,"AHF,SHAH",WED,2:00 PM,12F-32L
CSE422-14,EEE472,,IBU,SAT+THU,2:00 PM,09C-13C,"MZW,ZMD",MON,2:00 PM,09F-24L
CSE422-15,EEE472,,RRH,SAT+THU,8:00 AM,09A-03C,"DPU,PLN",WED,8:00 AM,12F-30L
CSE422-16,EEE472,,CMR,SAT+THU,2:00 PM,07D-19C,"MZW,HJB",TUE,2:00 PM,09B-11L
CSE422-17,EEE472,,CMR,SAT+THU,3:30 PM,07D-19C,"PRC,RTF",TUE,8:00 AM,09E-21L
CSE422-18,EEE472,,KKS,MON+WED,5:00 PM,07F-22C,"FFU,PRC",TUE,2:00 PM,09B-08L
CSE423-01,,,SRU,SAT+THU,11:00 AM,10A-06C,"ABU,AWK",SUN,8:00 AM,10G-32L
CSE423-02,,,SRU,SAT+THU,12:30 PM,10A-06C,"SRU,NTB",WED,2:00 PM,12D-27L
CSE423-03,,,SRU,SAT+THU,3:30 PM,10A-06C,"AJA,AWK",TUE,8:00 AM,09B-09L
CSE423-04,,,AJA,SUN+TUE,2:00 PM,09H-36C,"NMP,ABU",SAT,8:00 AM,10G-34L
CSE423-05,,,AJA,SUN+TUE,3:30 PM,09H-36C,"NMP,ABU",SAT,8:00 AM,10G-34L
CSE423-06,,,TMD,MON+WED,11:00 AM,07H-26C,"MZFZ,NMP",THU,2:00 PM,09F-27L
CSE423-07,,,TMD,MON+WED,12:30 PM,07H-26C,"MZFZ,NMP",THU,2:00 PM,09F-27L
CSE423-08,,,ABU,SAT+THU,12:30 PM,10A-10C,"SRU,NTB",WED,2:00 PM,12D-27L
CSE423-09,,,ANT,SAT+THU,2:00 PM,10A-10C,"ABU,AWK",SUN,8:00 AM,10G-32L
CSE423-10,,,ANT,SAT+THU,3:30 PM,10A-10C,"AJA,AWK",TUE,8:00 AM,09B-09L
CSE423-11,,,TJH,SAT+THU,8:00 AM,09D-17C,"SRU,MZFZ",MON,2:00 PM,09E-22L
CSE423-12,,,MZFZ,SAT+THU,9:30 AM,09D-17C,"SRU,MZFZ",MON,2:00 PM,09E-22L
CSE423-13,,,MZFZ,MON+WED,11:00 AM,07D-20C ,"WLV,NTB",SAT,11:00 AM,12D-27L
CSE423-14,,,ASA,SAT+THU,3:30 PM,09B-12C,"WLV,NTB",SAT,11:00 AM,12D-27L
CSE424-01,,,AAR,MON+WED,3:30 PM,10A-05C,"SBHN,SARF",TUE,11:00 AM,09F-25L
CSE424-02,,,SBHN,MON+WED,2:00 PM,09G-29C,"SBHN,SARF",TUE,11:00 AM,09F-25L
CSE425-01,EEE474,,MMM,SAT+THU,9:30 AM,10A-07C,,,,
CSE425-02,EEE474,,MMM,SUN+TUE,9:30 AM,07H-26C,,,,
CSE426-01,,,FHZ,MON+WED,3:30 PM,09D-17C,,,,
CSE426-02,,,TSM,SUN+TUE,5:00 PM,07D-20C ,,,,
CSE427-01,,,GRA,SAT+THU,2:00 PM,09A-05C,"DFD,QAR",MON,11:00 AM,10E-27L
CSE428-01,EEE476,,RRH,SAT+THU,11:00 AM,09A-03C,"MFSQ,MWR",TUE,2:00 PM,12F-30L
CSE428-02,EEE476,,SDQ,SAT+THU,3:30 PM,07H-26C,"MUNR,MOM",MON,2:00 PM,09F-25L
CSE437-01,,,GRA,MON+WED,3:30 PM,09G-31T,,,,
CSE437-02,,,GRA,MON+WED,3:30 PM,09G-31T,,,,
CSE440-01,,,FYS,MON+WED,11:00 AM,09D-18C,,,,
CSE440-02,,,FYS,MON+WED,12:30 PM,09D-18C,,,,
CSE446-01,,,SDF,MON+WED,11:00 AM,09A-05C,"MLH,SJM",TUE,2:00 PM,09E-22L
CSE447-01,,,MIH,MON+WED,12:30 PM,09H-37C,"MIH,TSD",SUN,11:00 AM,12D-27L
CSE449-01,,,AAR,SUN+SUN,2:00 PM+3:30 PM,10A-05C,,,,
CSE460-01,,,UPM,SAT+THU,8:00 AM,09A-07C,"HAD,KFP",SUN,8:00 AM,10G-33L
CSE460-02,,,KFP,SAT+THU,9:30 AM,09A-07C,"HAD,AGS",SUN,11:00 AM,10G-33L
CSE460-03,,,YAP,SAT+THU,11:00 AM,09A-07C,"PMD,HAD",MON,2:00 PM,12F-31L
CSE460-04,,,PMD,SAT+THU,12:30 PM,09A-07C,"SDU,THL",TUE,2:00 PM,12D-26L
CSE460-05,,,YAP,SAT+THU,2:00 PM,09A-07C,"SDU,HAD",WED,11:00 AM,12F-31L
CSE460-06,,,UPM,SUN+TUE,2:00 PM,09A-05C,"KFP,AGS",SAT,2:00 PM,12F-31L
CSE460-07,,,THL,MON+WED,3:30 PM,07F-22C,"YAP,SDU",THU,8:00 AM,12F-31L
CSE461-01,,,KSJ,SAT+THU,11:00 AM,10A-07C,"SUI,RFF",SUN,2:00 PM,10G-32L
CSE461-02,,,PRC,SAT+THU,12:30 PM,10A-07C,"MAO,RFF",MON,2:00 PM,12D-26L
CSE461-03,,,RFF,SAT+THU,3:30 PM,10A-07C,"KSJ,IRZ",WED,8:00 AM,10G-32L
CSE461-04,,,KHR,SUN+TUE,2:00 PM,09H-37C,"RFF,SUI",THU,11:00 AM,10G-32L
CSE461-05,,,KHR,SUN+TUE,3:30 PM,09H-37C,"RFF,KHR",TUE,11:00 AM,10G-32L
CSE461-06,,,MAO,SAT+THU,9:30 AM,10A-08C,"KSJ,KHR",WED,11:00 AM,10G-32L
CSE461-07,,,PRC,SAT+THU,11:00 AM,10A-08C,"RDW,SUI",TUE,2:00 PM,10G-32L
CSE461-08,,,SUI,SAT+THU,2:00 PM,10A-07C,"KSJ,RFF",MON,8:00 AM,10G-32L
CSE461-09,,,RDW,SUN+TUE,12:30 PM,09A-02C,"SUI,IRZ",SAT,11:00 AM,10G-33L
CSE463-01,,,ASA,MON+WED,3:30 PM,09A-05C,"UMS,SDTS",SAT,11:00 AM,10G-34L
CSE470-01,,,FZN,SUN+TUE,8:00 AM,07F-22C,,,,
CSE470-02,,,FZN,SUN+TUE,9:30 AM,07F-22C,,,,
CSE470-03,,,FZN,MON+WED,2:00 PM,10A-06C,,,,
CSE470-04,,,NFQ,SAT+THU,2:00 PM,10A-09C,,,,
CSE470-05,,,NFQ,SAT+THU,3:30 PM,10A-09C,,,,
CSE470-06,,,AWK,MON+WED,2:00 PM,09H-33C,,,,
CSE470-07,,,RHD,MON+WED,3:30 PM,10A-08C,,,,
CSE470-08,,,RHD,SUN+TUE,2:00 PM,10A-08C,,,,
CSE470-09,,,RHD,SUN+TUE,3:30 PM,10A-08C,,,,
CSE470-10,,,RHD,MON+WED,2:00 PM,10A-08C,,,,
CSE470-11,,,SHRR,SUN+TUE,2:00 PM,09D-17C,,,,
CSE470-12,,,SHRR,SUN+TUE,3:30 PM,09D-17C,,,,
CSE470-13,,,NQM,SAT+THU,8:00 AM,09A-06C,,,,
CSE470-14,,,AHF,SAT+THU,11:00 AM,09A-06C,,,,
CSE470-15,,,ART,SAT+THU,8:00 AM,10A-10C,,,,
CSE470-16,,,MHE,MON+WED,3:30 PM,09D-18C,,,,
CSE470-17,,,AHC,MON+WED,3:30 PM,09H-33C,,,,
CSE471-01,,,MIH,SUN+TUE,2:00 PM,09A-02C,"NZU,PML",MON,2:00 PM,12F-30L
CSE471-02,,,MIH,SUN+TUE,3:30 PM,09A-02C,"HJB,AWK",WED,11:00 AM,12D-26L
CSE471-03,,,MIH,MON+WED,9:30 AM,09H-37C,"NQM,HJB",TUE,8:00 AM,12F-30L
CSE471-04,,,AQU,MON+WED,2:00 PM,09B-12C,"AQU,AWK",TUE,11:00 AM,12F-30L
CSE471-05,,,AQU,MON+WED,3:30 PM,09B-12C,"ART,AHC",SAT,11:00 AM,12F-30L
CSE471-06,,,NZU,SAT+THU,3:30 PM,10A-08C,"NQM,ART",TUE,11:00 AM,12F-32L
CSE471-07,,,MHE,SAT+THU,8:00 AM,10A-09C,"IRZ,AWK",SUN,2:00 PM,09F-27L
CSE471-08,,,ART,SAT+THU,9:30 AM,10A-09C,"AQU,PML",MON,11:00 AM,12F-30L
CSE471-09,,,PML,SAT+THU,2:00 PM,08H-22C,"ANV,AWK",WED,8:00 AM,12F-32L
CSE472-01,,,JNM,MON+WED,9:30 AM,09H-32C,"JNM,APM",SUN,8:00 AM,12D-27L
CSE481-01,,,JMD,MON+WED,9:30 AM,07D-20C ,"SDAS,SDS",THU,11:00 AM,09F-25L
CSE482-01,,,SDAS,MON+WED,12:30 PM,07D-20C ,"SDAS,SDS",THU,2:00 PM,09F-25L
CSE484-01,,,JNM,MON+WED,8:00 AM,09H-32C,"JNM,MAF",SUN,11:00 AM,12D-26L
CSE489-01,,,ADR,TUE+TUE,11:00 AM+12:30 PM,12F-31L,"ADR,ZMD",SUN,2:00 PM,12F-31L
CSE490-01,,,TLQ,SUN+TUE,3:30 PM,07F-22C,"ZYH,SJM",MON,11:00 AM,09F-25L
CSE496-01,,,TSD,SAT+THU,8:00 AM,09H-36C,,,,
CSE708-01,,,KYK,MON+MON,6:00 PM+7:30 PM,09A-01C,,,,
CSE710-01,,,GRA,MON+MON,6:00 PM+7:30 PM,09A-02C,,,,
CSE711-01,,,GRA,SAT+SAT+THU,6:00 PM+7:30 PM+7:30 PM,09A-01C,,,,
CSE713-01,,,AAR,SUN+SUN,6:00 PM+7:30 PM,10A-05C,,,,
CSE715-01,,,MMM,SAT+SAT+THU,6:00 PM+7:30 PM+7:30 PM,09A-02C,,,,
CSE717-01,,,KYK,TUE+TUE,6:00 PM+7:30 PM,09A-01C,,,,
CSE720-01,,,ASA,WED+WED,6:00 PM+7:30 PM,09A-01C,,,,
CSE726-01,#N/A,#N/A,TLQ,TUE+TUE,6:00 PM+7:30 PM,09A-02C,,,,
EEE362-01,,CSE320,TBC,FRI,8:00 AM,10A-10C,"SMY,",SAT,,12F-30L