"","BRAC University Consultation Hour Planner 8:00 AM","Faculty: Programme: Email: 9:30 AM","Ms. Tasnim Ahsan Prome CSE tasnim.ahsan@bracu.ac.bd 11:00 AM","12:30 PM","Initial Semester: Seat: 2:00 PM","TAP Summer 2026 4K83 3:30 PM","5:00 PM","6:00 PM","7:30 PM","","#REF!"
"Saturday","","","CSE320-10
09A-02C","CSE320-11
09A-02C","CSE221-07 (LAB)
TAP,ASRF
09B-08L","CSE221-07 (LAB)
TAP,ASRF
09B-08L","","","","4",""
"Sunday","","","CSE221-11
09H-34C","CSE221-12
09H-34C","CSE221-10 (LAB)
TAP,AKHD
09E-22L","CSE221-10 (LAB)
TAP,AKHD
09E-22L","","","","4",""
"Monday","","","","","","","","","","0",""
"Tuesday","","","CSE221-11
09H-34C","CSE221-12
09H-34C","Consultation","Consultation","","","","2",""
"Wednesday","","","","","","","","","","0",""
"Thursday","","","CSE320-10
09A-02C","CSE320-11
09A-02C","Consultation","Consultation","","","","2",""
"Friday","","","","","","","","","","0",""
"**Each slot is of 1 hour 20 minutes                                                                        ","","","","","","","","","","",""
"**You can edit this footnote","","","","","","","","","","",""