query_id,config,predicted_category,recall@1,recall@3,recall@5,mrr,ndcg@5,ndcg@10
Q001,bm25_only,TARC/RS (Residential Semester),1.0,1.0,1.0,1.0,0.8318724637288826,0.9619991470595832
Q001,full_hybrid_baseline,TARC/RS (Residential Semester),1.0,1.0,1.0,1.0,0.9828920819566879,0.9828920819566879
Q001,full_hybrid_category_boost,TARC/RS (Residential Semester),1.0,1.0,1.0,1.0,0.9828920819566879,0.9828920819566879
Q001,vector_only_baseline,TARC/RS (Residential Semester),1.0,1.0,1.0,1.0,1.0,1.0
Q001,vector_only_category_boost,TARC/RS (Residential Semester),1.0,1.0,1.0,1.0,0.9828920819566879,0.9828920819566879
Q002,bm25_only,"Payment, Financial Aid and Scholarship",1.0,1.0,1.0,1.0,1.0,1.0
Q002,full_hybrid_baseline,"Payment, Financial Aid and Scholarship",1.0,1.0,1.0,1.0,1.0,1.0
Q002,full_hybrid_category_boost,"Payment, Financial Aid and Scholarship",1.0,1.0,1.0,1.0,1.0,1.0
Q002,vector_only_baseline,"Payment, Financial Aid and Scholarship",1.0,1.0,1.0,1.0,1.0,1.0
Q002,vector_only_category_boost,"Payment, Financial Aid and Scholarship",1.0,1.0,1.0,1.0,0.8772153153380493,0.8772153153380493
Q003,bm25_only,Programs & Departments,1.0,1.0,1.0,1.0,1.0,1.0
Q003,full_hybrid_baseline,Programs & Departments,1.0,1.0,1.0,1.0,1.0,1.0
Q003,full_hybrid_category_boost,Programs & Departments,1.0,1.0,1.0,1.0,1.0,1.0
Q003,vector_only_baseline,Programs & Departments,1.0,1.0,1.0,1.0,1.0,1.0
Q003,vector_only_category_boost,Programs & Departments,1.0,1.0,1.0,1.0,1.0,1.0
Q004,bm25_only,Thesis and Internship,1.0,1.0,1.0,1.0,1.0,1.0
Q004,full_hybrid_baseline,Thesis and Internship,1.0,1.0,1.0,1.0,1.0,1.0
Q004,full_hybrid_category_boost,Thesis and Internship,1.0,1.0,1.0,1.0,1.0,1.0
Q004,vector_only_baseline,Thesis and Internship,1.0,1.0,1.0,1.0,1.0,1.0
Q004,vector_only_category_boost,Thesis and Internship,1.0,1.0,1.0,1.0,0.9469024295259745,0.9469024295259745
Q005,bm25_only,Exams and Grading,1.0,1.0,1.0,1.0,1.0,1.0
Q005,full_hybrid_baseline,Exams and Grading,1.0,1.0,1.0,1.0,1.0,1.0
Q005,full_hybrid_category_boost,Exams and Grading,1.0,1.0,1.0,1.0,1.0,1.0
Q005,vector_only_baseline,Exams and Grading,1.0,1.0,1.0,1.0,1.0,1.0
Q005,vector_only_category_boost,Exams and Grading,1.0,1.0,1.0,1.0,0.8318724637288826,0.9619991470595832
Q006,bm25_only,Campus,1.0,1.0,1.0,1.0,0.8503449055347546,0.8503449055347546
Q006,full_hybrid_baseline,Campus,1.0,1.0,1.0,1.0,1.0,1.0
Q006,full_hybrid_category_boost,Campus,1.0,1.0,1.0,1.0,0.9197207891481876,0.9197207891481876
Q006,vector_only_baseline,Campus,1.0,1.0,1.0,1.0,1.0,1.0
Q006,vector_only_category_boost,Campus,1.0,1.0,1.0,1.0,1.0,1.0
Q007,bm25_only,Campus,0.0,1.0,1.0,0.5,0.38685280723454163,0.6052602440527057
Q007,full_hybrid_baseline,Campus,0.0,1.0,1.0,0.5,0.6934264036172708,0.6934264036172708
Q007,full_hybrid_category_boost,Campus,0.0,1.0,1.0,0.5,0.6240505200038379,0.6240505200038379
Q007,vector_only_baseline,Campus,1.0,1.0,1.0,1.0,0.9197207891481876,0.9197207891481876
Q007,vector_only_category_boost,Campus,1.0,1.0,1.0,1.0,0.8503449055347546,0.8503449055347546
Q008,bm25_only,Advising,1.0,1.0,1.0,1.0,1.0,1.0
Q008,full_hybrid_baseline,Advising,1.0,1.0,1.0,1.0,0.8772153153380493,0.8772153153380493
Q008,full_hybrid_category_boost,Advising,1.0,1.0,1.0,1.0,1.0,1.0
Q008,vector_only_baseline,Advising,1.0,1.0,1.0,1.0,1.0,1.0
Q008,vector_only_category_boost,Advising,1.0,1.0,1.0,1.0,0.6131471927654584,0.8065735963827293
Q009,bm25_only,Transportation and Bus Services,1.0,1.0,1.0,1.0,1.0,1.0
Q009,full_hybrid_baseline,Transportation and Bus Services,1.0,1.0,1.0,1.0,1.0,1.0
Q009,full_hybrid_category_boost,Transportation and Bus Services,1.0,1.0,1.0,1.0,0.9197207891481876,0.9197207891481876
Q009,vector_only_baseline,Transportation and Bus Services,1.0,1.0,1.0,1.0,1.0,1.0
Q009,vector_only_category_boost,Transportation and Bus Services,1.0,1.0,1.0,1.0,0.8772153153380493,0.8772153153380493
Q010,bm25_only,Advising,1.0,1.0,1.0,1.0,1.0,1.0
Q010,full_hybrid_baseline,Advising,1.0,1.0,1.0,1.0,1.0,1.0
Q010,full_hybrid_category_boost,Advising,1.0,1.0,1.0,1.0,1.0,1.0
Q010,vector_only_baseline,Advising,1.0,1.0,1.0,1.0,1.0,1.0
Q010,vector_only_category_boost,Advising,1.0,1.0,1.0,1.0,1.0,1.0
Q011,bm25_only,Admission,1.0,1.0,1.0,1.0,1.0,1.0
Q011,full_hybrid_baseline,Admission,1.0,1.0,1.0,1.0,1.0,1.0
Q011,full_hybrid_category_boost,Admission,1.0,1.0,1.0,1.0,1.0,1.0
Q011,vector_only_baseline,Admission,1.0,1.0,1.0,1.0,1.0,1.0
Q011,vector_only_category_boost,Admission,1.0,1.0,1.0,1.0,1.0,1.0
Q012,bm25_only,Technical Support,1.0,1.0,1.0,1.0,1.0,1.0
Q012,full_hybrid_baseline,Technical Support,1.0,1.0,1.0,1.0,1.0,1.0
Q012,full_hybrid_category_boost,Technical Support,1.0,1.0,1.0,1.0,1.0,1.0
Q012,vector_only_baseline,Technical Support,1.0,1.0,1.0,1.0,1.0,1.0
Q012,vector_only_category_boost,Technical Support,1.0,1.0,1.0,1.0,1.0,1.0
Q013,bm25_only,Exams and Grading,1.0,1.0,1.0,1.0,1.0,1.0
Q013,full_hybrid_baseline,Exams and Grading,1.0,1.0,1.0,1.0,1.0,1.0
Q013,full_hybrid_category_boost,Exams and Grading,1.0,1.0,1.0,1.0,0.9674679834891693,0.9674679834891693
Q013,vector_only_baseline,Exams and Grading,1.0,1.0,1.0,1.0,1.0,1.0
Q013,vector_only_category_boost,Exams and Grading,1.0,1.0,1.0,1.0,0.7653606369886217,0.9325210919548239
Q014,bm25_only,Advising,1.0,1.0,1.0,1.0,1.0,1.0
Q014,full_hybrid_baseline,Advising,1.0,1.0,1.0,1.0,1.0,1.0
Q014,full_hybrid_category_boost,Advising,1.0,1.0,1.0,1.0,0.7653606369886217,0.9066276098484507
Q014,vector_only_baseline,Advising,1.0,1.0,1.0,1.0,0.9674679834891693,0.9674679834891693
Q014,vector_only_category_boost,Advising,1.0,1.0,1.0,1.0,0.7039180890341347,0.8451850618939637
Q015,bm25_only,Programs & Departments,1.0,1.0,1.0,1.0,0.7653606369886217,0.9217868789962071
Q015,full_hybrid_baseline,Programs & Departments,1.0,1.0,1.0,1.0,1.0,1.0
Q015,full_hybrid_category_boost,Programs & Departments,1.0,1.0,1.0,1.0,0.7653606369886217,0.9217868789962071
Q015,vector_only_baseline,Programs & Departments,1.0,1.0,1.0,1.0,1.0,1.0
Q015,vector_only_category_boost,Programs & Departments,1.0,1.0,1.0,1.0,1.0,1.0
Q016,bm25_only,Technical Support,1.0,1.0,1.0,1.0,1.0,1.0
Q016,full_hybrid_baseline,Technical Support,1.0,1.0,1.0,1.0,1.0,1.0
Q016,full_hybrid_category_boost,Technical Support,1.0,1.0,1.0,1.0,1.0,1.0
Q016,vector_only_baseline,Technical Support,1.0,1.0,1.0,1.0,1.0,1.0
Q016,vector_only_category_boost,Technical Support,1.0,1.0,1.0,1.0,1.0,1.0
Q017,bm25_only,Admission,1.0,1.0,1.0,1.0,0.7653606369886217,0.9010126104210695
Q017,full_hybrid_baseline,Admission,1.0,1.0,1.0,1.0,1.0,1.0
Q017,full_hybrid_category_boost,Admission,1.0,1.0,1.0,1.0,1.0,1.0
Q017,vector_only_baseline,Admission,1.0,1.0,1.0,1.0,0.7653606369886217,0.9325210919548239
Q017,vector_only_category_boost,Admission,1.0,1.0,1.0,1.0,0.7653606369886217,0.9066276098484507
Q018,bm25_only,University Facts & Governance,1.0,1.0,1.0,1.0,0.8539316501572937,0.9667147927059906
Q018,full_hybrid_baseline,University Facts & Governance,1.0,1.0,1.0,1.0,0.8687949224876582,0.9770153702993118
Q018,full_hybrid_category_boost,University Facts & Governance,1.0,1.0,1.0,1.0,1.0,0.9971876401972101
Q018,vector_only_baseline,University Facts & Governance,1.0,1.0,1.0,1.0,1.0,0.9842184869190973
Q018,vector_only_category_boost,University Facts & Governance,1.0,1.0,1.0,1.0,1.0,0.9971876401972101
Q019,bm25_only,Transportation and Bus Services,1.0,1.0,1.0,1.0,1.0,1.0
Q019,full_hybrid_baseline,Transportation and Bus Services,1.0,1.0,1.0,1.0,1.0,1.0
Q019,full_hybrid_category_boost,Transportation and Bus Services,1.0,1.0,1.0,1.0,1.0,1.0
Q019,vector_only_baseline,Transportation and Bus Services,1.0,1.0,1.0,1.0,1.0,1.0
Q019,vector_only_category_boost,Transportation and Bus Services,1.0,1.0,1.0,1.0,0.8772153153380493,0.8772153153380493
Q020,bm25_only,Campus,1.0,1.0,1.0,1.0,1.0,1.0
Q020,full_hybrid_baseline,Campus,1.0,1.0,1.0,1.0,1.0,1.0
Q020,full_hybrid_category_boost,Campus,1.0,1.0,1.0,1.0,0.9197207891481876,0.9197207891481876
Q020,vector_only_baseline,Campus,1.0,1.0,1.0,1.0,1.0,1.0
Q020,vector_only_category_boost,Campus,1.0,1.0,1.0,1.0,0.9197207891481876,0.9197207891481876
Q021,bm25_only,Programs & Departments,1.0,1.0,1.0,1.0,1.0,1.0
Q021,full_hybrid_baseline,Programs & Departments,1.0,1.0,1.0,1.0,1.0,1.0
Q021,full_hybrid_category_boost,Programs & Departments,1.0,1.0,1.0,1.0,1.0,1.0
Q021,vector_only_baseline,Programs & Departments,1.0,1.0,1.0,1.0,1.0,1.0
Q021,vector_only_category_boost,Programs & Departments,1.0,1.0,1.0,1.0,1.0,1.0
Q022,bm25_only,Advising,1.0,1.0,1.0,1.0,0.9674679834891693,0.9674679834891693
Q022,full_hybrid_baseline,Advising,1.0,1.0,1.0,1.0,0.8318724637288826,0.9619991470595832
Q022,full_hybrid_category_boost,Advising,1.0,1.0,1.0,1.0,0.8318724637288826,0.9550236580992476
Q022,vector_only_baseline,Advising,1.0,1.0,1.0,1.0,1.0,1.0
Q022,vector_only_category_boost,Advising,1.0,1.0,1.0,1.0,0.9828920819566879,0.9828920819566879
Q023,bm25_only,Programs & Departments,1.0,1.0,1.0,1.0,1.0,1.0
Q023,full_hybrid_baseline,Programs & Departments,1.0,1.0,1.0,1.0,1.0,1.0
Q023,full_hybrid_category_boost,Programs & Departments,1.0,1.0,1.0,1.0,1.0,1.0
Q023,vector_only_baseline,Programs & Departments,1.0,1.0,1.0,1.0,1.0,1.0
Q023,vector_only_category_boost,Programs & Departments,1.0,1.0,1.0,1.0,1.0,1.0
Q024,bm25_only,Thesis and Internship,1.0,1.0,1.0,1.0,1.0,1.0
Q024,full_hybrid_baseline,Thesis and Internship,1.0,1.0,1.0,1.0,1.0,1.0
Q024,full_hybrid_category_boost,Thesis and Internship,1.0,1.0,1.0,1.0,0.9469024295259745,0.9469024295259745
Q024,vector_only_baseline,Thesis and Internship,1.0,1.0,1.0,1.0,1.0,1.0
Q024,vector_only_category_boost,Thesis and Internship,1.0,1.0,1.0,1.0,0.9469024295259745,0.9469024295259745
Q025,bm25_only,Programs & Departments,1.0,1.0,1.0,1.0,1.0,1.0
Q025,full_hybrid_baseline,Programs & Departments,1.0,1.0,1.0,1.0,1.0,1.0
Q025,full_hybrid_category_boost,Programs & Departments,1.0,1.0,1.0,1.0,1.0,1.0
Q025,vector_only_baseline,Programs & Departments,1.0,1.0,1.0,1.0,1.0,1.0
Q025,vector_only_category_boost,Programs & Departments,1.0,1.0,1.0,1.0,1.0,1.0
Q026,bm25_only,University Facts & Governance,1.0,1.0,1.0,1.0,1.0,1.0
Q026,full_hybrid_baseline,University Facts & Governance,1.0,1.0,1.0,1.0,1.0,1.0
Q026,full_hybrid_category_boost,University Facts & Governance,1.0,1.0,1.0,1.0,1.0,1.0
Q026,vector_only_baseline,University Facts & Governance,1.0,1.0,1.0,1.0,1.0,1.0
Q026,vector_only_category_boost,University Facts & Governance,1.0,1.0,1.0,1.0,1.0,1.0
Q027,bm25_only,Campus,1.0,1.0,1.0,1.0,1.0,1.0
Q027,full_hybrid_baseline,Campus,1.0,1.0,1.0,1.0,1.0,1.0
Q027,full_hybrid_category_boost,Campus,1.0,1.0,1.0,1.0,1.0,1.0
Q027,vector_only_baseline,Campus,1.0,1.0,1.0,1.0,0.8687949224876582,0.9896062251871525
Q027,vector_only_category_boost,Campus,1.0,1.0,1.0,1.0,0.8687949224876582,0.975788054854922
Q028,bm25_only,Transportation and Bus Services,1.0,1.0,1.0,1.0,1.0,1.0
Q028,full_hybrid_baseline,Transportation and Bus Services,1.0,1.0,1.0,1.0,1.0,1.0
Q028,full_hybrid_category_boost,Transportation and Bus Services,1.0,1.0,1.0,1.0,1.0,1.0
Q028,vector_only_baseline,Transportation and Bus Services,1.0,1.0,1.0,1.0,1.0,1.0
Q028,vector_only_category_boost,Transportation and Bus Services,1.0,1.0,1.0,1.0,1.0,1.0
Q029,bm25_only,Library,1.0,1.0,1.0,1.0,1.0,1.0
Q029,full_hybrid_baseline,Library,1.0,1.0,1.0,1.0,0.46927872602275644,0.7461976723150332
Q029,full_hybrid_category_boost,Library,1.0,1.0,1.0,1.0,0.46927872602275644,0.7461976723150332
Q029,vector_only_baseline,Library,1.0,1.0,1.0,1.0,1.0,1.0
Q029,vector_only_category_boost,Library,1.0,1.0,1.0,1.0,1.0,0.983303248698947
Q030,bm25_only,Advising,1.0,1.0,1.0,1.0,1.0,1.0
Q030,full_hybrid_baseline,Advising,1.0,1.0,1.0,1.0,1.0,1.0
Q030,full_hybrid_category_boost,Advising,1.0,1.0,1.0,1.0,1.0,1.0
Q030,vector_only_baseline,Advising,1.0,1.0,1.0,1.0,1.0,1.0
Q030,vector_only_category_boost,Advising,1.0,1.0,1.0,1.0,1.0,1.0
Q031,bm25_only,"Payment, Financial Aid and Scholarship",1.0,1.0,1.0,1.0,1.0,1.0
Q031,full_hybrid_baseline,"Payment, Financial Aid and Scholarship",1.0,1.0,1.0,1.0,1.0,1.0
Q031,full_hybrid_category_boost,"Payment, Financial Aid and Scholarship",1.0,1.0,1.0,1.0,1.0,1.0
Q031,vector_only_baseline,"Payment, Financial Aid and Scholarship",1.0,1.0,1.0,1.0,1.0,1.0
Q031,vector_only_category_boost,"Payment, Financial Aid and Scholarship",1.0,1.0,1.0,1.0,1.0,1.0
Q032,bm25_only,Transportation and Bus Services,1.0,1.0,1.0,1.0,1.0,1.0
Q032,full_hybrid_baseline,Transportation and Bus Services,1.0,1.0,1.0,1.0,1.0,1.0
Q032,full_hybrid_category_boost,Transportation and Bus Services,1.0,1.0,1.0,1.0,1.0,1.0
Q032,vector_only_baseline,Transportation and Bus Services,1.0,1.0,1.0,1.0,1.0,1.0
Q032,vector_only_category_boost,Transportation and Bus Services,1.0,1.0,1.0,1.0,1.0,1.0
Q033,bm25_only,Transportation and Bus Services,1.0,1.0,1.0,1.0,1.0,1.0
Q033,full_hybrid_baseline,Transportation and Bus Services,1.0,1.0,1.0,1.0,1.0,1.0
Q033,full_hybrid_category_boost,Transportation and Bus Services,1.0,1.0,1.0,1.0,0.8772153153380493,0.8772153153380493
Q033,vector_only_baseline,Transportation and Bus Services,1.0,1.0,1.0,1.0,1.0,1.0
Q033,vector_only_category_boost,Transportation and Bus Services,1.0,1.0,1.0,1.0,0.6131471927654584,0.8065735963827293
Q034,bm25_only,Programs & Departments,1.0,1.0,1.0,1.0,1.0,1.0
Q034,full_hybrid_baseline,Programs & Departments,1.0,1.0,1.0,1.0,1.0,1.0
Q034,full_hybrid_category_boost,Programs & Departments,1.0,1.0,1.0,1.0,1.0,1.0
Q034,vector_only_baseline,Programs & Departments,1.0,1.0,1.0,1.0,1.0,1.0
Q034,vector_only_category_boost,Programs & Departments,1.0,1.0,1.0,1.0,1.0,1.0
Q035,bm25_only,Campus,1.0,1.0,1.0,1.0,1.0,1.0
Q035,full_hybrid_baseline,Campus,1.0,1.0,1.0,1.0,1.0,1.0
Q035,full_hybrid_category_boost,Campus,1.0,1.0,1.0,1.0,0.9469024295259745,0.9469024295259745
Q035,vector_only_baseline,Campus,1.0,1.0,1.0,1.0,0.9674679834891693,0.9674679834891693
Q035,vector_only_category_boost,Campus,1.0,1.0,1.0,1.0,0.7653606369886217,0.9217868789962071
Q036,bm25_only,Transportation and Bus Services,1.0,1.0,1.0,1.0,1.0,1.0
Q036,full_hybrid_baseline,Transportation and Bus Services,1.0,1.0,1.0,1.0,0.6131471927654584,0.7977228895450266
Q036,full_hybrid_category_boost,Transportation and Bus Services,1.0,1.0,1.0,1.0,0.6131471927654584,0.7903864795495061
Q036,vector_only_baseline,Transportation and Bus Services,1.0,1.0,1.0,1.0,1.0,1.0
Q036,vector_only_category_boost,Transportation and Bus Services,1.0,1.0,1.0,1.0,0.9197207891481876,0.9197207891481876
Q037,bm25_only,Advising,1.0,1.0,1.0,1.0,1.0,1.0
Q037,full_hybrid_baseline,Advising,1.0,1.0,1.0,1.0,1.0,1.0
Q037,full_hybrid_category_boost,Advising,1.0,1.0,1.0,1.0,1.0,1.0
Q037,vector_only_baseline,Advising,1.0,1.0,1.0,1.0,1.0,1.0
Q037,vector_only_category_boost,Advising,1.0,1.0,1.0,1.0,1.0,1.0
Q038,bm25_only,Transportation and Bus Services,1.0,1.0,1.0,1.0,1.0,1.0
Q038,full_hybrid_baseline,Transportation and Bus Services,1.0,1.0,1.0,1.0,1.0,1.0
Q038,full_hybrid_category_boost,Transportation and Bus Services,1.0,1.0,1.0,1.0,1.0,1.0
Q038,vector_only_baseline,Transportation and Bus Services,1.0,1.0,1.0,1.0,1.0,1.0
Q038,vector_only_category_boost,Transportation and Bus Services,1.0,1.0,1.0,1.0,1.0,1.0
Q039,bm25_only,Advising,1.0,1.0,1.0,1.0,1.0,1.0
Q039,full_hybrid_baseline,Advising,1.0,1.0,1.0,1.0,1.0,1.0
Q039,full_hybrid_category_boost,Advising,1.0,1.0,1.0,1.0,1.0,1.0
Q039,vector_only_baseline,Advising,1.0,1.0,1.0,1.0,1.0,1.0
Q039,vector_only_category_boost,Advising,1.0,1.0,1.0,1.0,0.9197207891481876,0.9197207891481876
Q040,bm25_only,Thesis and Internship,1.0,1.0,1.0,1.0,1.0,1.0
Q040,full_hybrid_baseline,Thesis and Internship,1.0,1.0,1.0,1.0,1.0,1.0
Q040,full_hybrid_category_boost,Thesis and Internship,1.0,1.0,1.0,1.0,0.9674679834891693,0.9674679834891693
Q040,vector_only_baseline,Thesis and Internship,1.0,1.0,1.0,1.0,1.0,1.0
Q040,vector_only_category_boost,Thesis and Internship,1.0,1.0,1.0,1.0,0.9674679834891693,0.9674679834891693
Q041,bm25_only,University Facts & Governance,1.0,1.0,1.0,1.0,0.9674679834891693,0.9674679834891693
Q041,full_hybrid_baseline,University Facts & Governance,1.0,1.0,1.0,1.0,1.0,1.0
Q041,full_hybrid_category_boost,University Facts & Governance,1.0,1.0,1.0,1.0,1.0,1.0
Q041,vector_only_baseline,University Facts & Governance,1.0,1.0,1.0,1.0,1.0,1.0
Q041,vector_only_category_boost,University Facts & Governance,1.0,1.0,1.0,1.0,1.0,1.0
Q042,bm25_only,Transportation and Bus Services,1.0,1.0,1.0,1.0,1.0,1.0
Q042,full_hybrid_baseline,Transportation and Bus Services,1.0,1.0,1.0,1.0,1.0,1.0
Q042,full_hybrid_category_boost,Transportation and Bus Services,1.0,1.0,1.0,1.0,0.9197207891481876,0.9197207891481876
Q042,vector_only_baseline,Transportation and Bus Services,1.0,1.0,1.0,1.0,0.9197207891481876,0.9197207891481876
Q042,vector_only_category_boost,Transportation and Bus Services,1.0,1.0,1.0,1.0,0.8503449055347546,0.8503449055347546
Q043,bm25_only,Transportation and Bus Services,1.0,1.0,1.0,1.0,0.9197207891481876,0.9197207891481876
Q043,full_hybrid_baseline,Transportation and Bus Services,1.0,1.0,1.0,1.0,1.0,1.0
Q043,full_hybrid_category_boost,Transportation and Bus Services,1.0,1.0,1.0,1.0,0.9197207891481876,0.9197207891481876
Q043,vector_only_baseline,Transportation and Bus Services,1.0,1.0,1.0,1.0,1.0,1.0
Q043,vector_only_category_boost,Transportation and Bus Services,1.0,1.0,1.0,1.0,0.6131471927654584,0.8175295903539445
Q044,bm25_only,International Student,1.0,1.0,1.0,1.0,1.0,1.0
Q044,full_hybrid_baseline,International Student,1.0,1.0,1.0,1.0,1.0,0.9796825595768971
Q044,full_hybrid_category_boost,International Student,1.0,1.0,1.0,1.0,1.0,1.0
Q044,vector_only_baseline,International Student,1.0,1.0,1.0,1.0,1.0,1.0
Q044,vector_only_category_boost,International Student,1.0,1.0,1.0,1.0,1.0,0.9796825595768971
Q045,bm25_only,Advising,1.0,1.0,1.0,1.0,0.8503449055347546,0.8503449055347546
Q045,full_hybrid_baseline,Advising,1.0,1.0,1.0,1.0,0.8772153153380493,0.8772153153380493
Q045,full_hybrid_category_boost,Advising,1.0,1.0,1.0,1.0,0.8772153153380493,0.8772153153380493
Q045,vector_only_baseline,Advising,1.0,1.0,1.0,1.0,0.9197207891481876,0.9197207891481876
Q045,vector_only_category_boost,Advising,1.0,1.0,1.0,1.0,0.6131471927654584,0.8175295903539445
Q046,bm25_only,Extracurricular Activities,0.0,0.0,0.0,0.1111111111111111,0.0,0.36181498356361597
Q046,full_hybrid_baseline,Extracurricular Activities,1.0,1.0,1.0,1.0,1.0,1.0
Q046,full_hybrid_category_boost,Extracurricular Activities,1.0,1.0,1.0,1.0,0.7653606369886217,0.9066276098484507
Q046,vector_only_baseline,Extracurricular Activities,1.0,1.0,1.0,1.0,1.0,1.0
Q046,vector_only_category_boost,Extracurricular Activities,1.0,1.0,1.0,1.0,0.9828920819566879,0.9828920819566879
Q047,bm25_only,Extracurricular Activities,1.0,1.0,1.0,1.0,1.0,1.0
Q047,full_hybrid_baseline,Extracurricular Activities,1.0,1.0,1.0,1.0,1.0,1.0
Q047,full_hybrid_category_boost,Extracurricular Activities,1.0,1.0,1.0,1.0,1.0,1.0
Q047,vector_only_baseline,Extracurricular Activities,1.0,1.0,1.0,1.0,1.0,1.0
Q047,vector_only_category_boost,Extracurricular Activities,1.0,1.0,1.0,1.0,0.8318724637288826,0.9619991470595832
Q048,bm25_only,Exams and Grading,1.0,1.0,1.0,1.0,1.0,1.0
Q048,full_hybrid_baseline,Exams and Grading,1.0,1.0,1.0,1.0,1.0,1.0
Q048,full_hybrid_category_boost,Exams and Grading,1.0,1.0,1.0,1.0,1.0,1.0
Q048,vector_only_baseline,Exams and Grading,1.0,1.0,1.0,1.0,1.0,1.0
Q048,vector_only_category_boost,Exams and Grading,1.0,1.0,1.0,1.0,1.0,1.0
Q049,bm25_only,Programs & Departments,1.0,1.0,1.0,1.0,1.0,1.0
Q049,full_hybrid_baseline,Programs & Departments,1.0,1.0,1.0,1.0,1.0,1.0
Q049,full_hybrid_category_boost,Programs & Departments,1.0,1.0,1.0,1.0,1.0,1.0
Q049,vector_only_baseline,Programs & Departments,1.0,1.0,1.0,1.0,1.0,1.0
Q049,vector_only_category_boost,Programs & Departments,1.0,1.0,1.0,1.0,1.0,1.0
Q050,bm25_only,"Payment, Financial Aid and Scholarship",1.0,1.0,1.0,1.0,1.0,1.0
Q050,full_hybrid_baseline,"Payment, Financial Aid and Scholarship",1.0,1.0,1.0,1.0,1.0,1.0
Q050,full_hybrid_category_boost,"Payment, Financial Aid and Scholarship",1.0,1.0,1.0,1.0,1.0,1.0
Q050,vector_only_baseline,"Payment, Financial Aid and Scholarship",1.0,1.0,1.0,1.0,1.0,1.0
Q050,vector_only_category_boost,"Payment, Financial Aid and Scholarship",1.0,1.0,1.0,1.0,0.9674679834891693,0.9674679834891693
Q051,bm25_only,TARC/RS (Residential Semester),1.0,1.0,1.0,1.0,0.8318724637288826,0.9709286432396583
Q051,full_hybrid_baseline,TARC/RS (Residential Semester),1.0,1.0,1.0,1.0,1.0,1.0
Q051,full_hybrid_category_boost,TARC/RS (Residential Semester),1.0,1.0,1.0,1.0,0.9828920819566879,0.9828920819566879
Q051,vector_only_baseline,TARC/RS (Residential Semester),1.0,1.0,1.0,1.0,1.0,1.0
Q051,vector_only_category_boost,TARC/RS (Residential Semester),1.0,1.0,1.0,1.0,0.8318724637288826,0.9709286432396583
Q052,bm25_only,Programs & Departments,1.0,1.0,1.0,1.0,1.0,1.0
Q052,full_hybrid_baseline,Programs & Departments,1.0,1.0,1.0,1.0,0.7653606369886217,0.9010126104210695
Q052,full_hybrid_category_boost,Programs & Departments,1.0,1.0,1.0,1.0,1.0,1.0
Q052,vector_only_baseline,Programs & Departments,1.0,1.0,1.0,1.0,0.7653606369886217,0.9010126104210695
Q052,vector_only_category_boost,Programs & Departments,1.0,1.0,1.0,1.0,0.7653606369886217,0.9010126104210695
Q053,bm25_only,"Payment, Financial Aid and Scholarship",1.0,1.0,1.0,1.0,1.0,1.0
Q053,full_hybrid_baseline,"Payment, Financial Aid and Scholarship",1.0,1.0,1.0,1.0,1.0,1.0
Q053,full_hybrid_category_boost,"Payment, Financial Aid and Scholarship",1.0,1.0,1.0,1.0,1.0,1.0
Q053,vector_only_baseline,"Payment, Financial Aid and Scholarship",1.0,1.0,1.0,1.0,1.0,1.0
Q053,vector_only_category_boost,"Payment, Financial Aid and Scholarship",1.0,1.0,1.0,1.0,0.9469024295259745,0.9469024295259745
Q054,bm25_only,Campus,1.0,1.0,1.0,1.0,1.0,1.0
Q054,full_hybrid_baseline,Campus,1.0,1.0,1.0,1.0,1.0,1.0
Q054,full_hybrid_category_boost,Campus,1.0,1.0,1.0,1.0,0.9197207891481876,0.9197207891481876
Q054,vector_only_baseline,Campus,1.0,1.0,1.0,1.0,1.0,1.0
Q054,vector_only_category_boost,Campus,1.0,1.0,1.0,1.0,0.6131471927654584,0.8315546295836225
Q055,bm25_only,Thesis and Internship,1.0,1.0,1.0,1.0,0.9060254355346823,0.9060254355346823
Q055,full_hybrid_baseline,Thesis and Internship,1.0,1.0,1.0,1.0,1.0,1.0
Q055,full_hybrid_category_boost,Thesis and Internship,1.0,1.0,1.0,1.0,1.0,1.0
Q055,vector_only_baseline,Thesis and Internship,1.0,1.0,1.0,1.0,0.8318724637288826,0.9619991470595832
Q055,vector_only_category_boost,Thesis and Internship,1.0,1.0,1.0,1.0,0.8318724637288826,0.9447176050778178
Q056,bm25_only,University Facts & Governance,1.0,1.0,1.0,1.0,1.0,1.0
Q056,full_hybrid_baseline,University Facts & Governance,1.0,1.0,1.0,1.0,1.0,1.0
Q056,full_hybrid_category_boost,University Facts & Governance,1.0,1.0,1.0,1.0,1.0,1.0
Q056,vector_only_baseline,University Facts & Governance,1.0,1.0,1.0,1.0,1.0,0.9933222998814617
Q056,vector_only_category_boost,University Facts & Governance,1.0,1.0,1.0,1.0,1.0,0.9933222998814617
Q057,bm25_only,Thesis and Internship,1.0,1.0,1.0,1.0,0.6131471927654584,0.8175295903539445
Q057,full_hybrid_baseline,Thesis and Internship,1.0,1.0,1.0,1.0,0.8772153153380493,0.8772153153380493
Q057,full_hybrid_category_boost,Thesis and Internship,1.0,1.0,1.0,1.0,0.8772153153380493,0.8772153153380493
Q057,vector_only_baseline,Thesis and Internship,1.0,1.0,1.0,1.0,0.8772153153380493,0.8772153153380493
Q057,vector_only_category_boost,Thesis and Internship,1.0,1.0,1.0,1.0,0.8772153153380493,0.8772153153380493
Q058,bm25_only,Exams and Grading,0.0,1.0,1.0,0.5,0.6608397947263839,0.7816510974258781
Q058,full_hybrid_baseline,Exams and Grading,0.0,1.0,1.0,0.5,0.6608397947263839,0.7816510974258781
Q058,full_hybrid_category_boost,Exams and Grading,0.0,1.0,1.0,0.5,0.6608397947263839,0.7816510974258781
Q058,vector_only_baseline,Exams and Grading,0.0,1.0,1.0,0.5,0.6608397947263839,0.7738931964842559
Q058,vector_only_category_boost,Exams and Grading,0.0,1.0,1.0,0.5,0.6608397947263839,0.7738931964842559
Q059,bm25_only,Extracurricular Activities,1.0,1.0,1.0,1.0,1.0,1.0
Q059,full_hybrid_baseline,Extracurricular Activities,1.0,1.0,1.0,1.0,1.0,1.0
Q059,full_hybrid_category_boost,Extracurricular Activities,1.0,1.0,1.0,1.0,1.0,1.0
Q059,vector_only_baseline,Extracurricular Activities,1.0,1.0,1.0,1.0,1.0,1.0
Q059,vector_only_category_boost,Extracurricular Activities,1.0,1.0,1.0,1.0,0.8318724637288826,0.9493885684853097
Q060,bm25_only,Extracurricular Activities,1.0,1.0,1.0,1.0,1.0,1.0
Q060,full_hybrid_baseline,Extracurricular Activities,1.0,1.0,1.0,1.0,1.0,1.0
Q060,full_hybrid_category_boost,Extracurricular Activities,1.0,1.0,1.0,1.0,1.0,1.0
Q060,vector_only_baseline,Extracurricular Activities,1.0,1.0,1.0,1.0,1.0,1.0
Q060,vector_only_category_boost,Extracurricular Activities,1.0,1.0,1.0,1.0,0.8318724637288826,0.9709286432396583
Q061,bm25_only,Campus,1.0,1.0,1.0,1.0,1.0,1.0
Q061,full_hybrid_baseline,Campus,1.0,1.0,1.0,1.0,1.0,1.0
Q061,full_hybrid_category_boost,Campus,1.0,1.0,1.0,1.0,1.0,1.0
Q061,vector_only_baseline,Campus,1.0,1.0,1.0,1.0,1.0,1.0
Q061,vector_only_category_boost,Campus,1.0,1.0,1.0,1.0,0.9197207891481876,0.9197207891481876
Q062,bm25_only,University Facts & Governance,1.0,1.0,1.0,1.0,1.0,1.0
Q062,full_hybrid_baseline,University Facts & Governance,1.0,1.0,1.0,1.0,1.0,1.0
Q062,full_hybrid_category_boost,University Facts & Governance,1.0,1.0,1.0,1.0,1.0,1.0
Q062,vector_only_baseline,University Facts & Governance,1.0,1.0,1.0,1.0,0.8318724637288826,0.9550236580992476
Q062,vector_only_category_boost,University Facts & Governance,1.0,1.0,1.0,1.0,0.8318724637288826,0.9550236580992476
Q063,bm25_only,"Payment, Financial Aid and Scholarship",1.0,1.0,1.0,1.0,1.0,1.0
Q063,full_hybrid_baseline,"Payment, Financial Aid and Scholarship",1.0,1.0,1.0,1.0,1.0,1.0
Q063,full_hybrid_category_boost,"Payment, Financial Aid and Scholarship",1.0,1.0,1.0,1.0,0.7653606369886217,0.9066276098484507
Q063,vector_only_baseline,"Payment, Financial Aid and Scholarship",1.0,1.0,1.0,1.0,1.0,1.0
Q063,vector_only_category_boost,"Payment, Financial Aid and Scholarship",1.0,1.0,1.0,1.0,0.7653606369886217,0.9134015924715543
Q064,bm25_only,Policies and Procedures,1.0,1.0,1.0,1.0,0.8318724637288826,0.9447176050778178
Q064,full_hybrid_baseline,Policies and Procedures,1.0,1.0,1.0,1.0,0.8318724637288826,0.9709286432396583
Q064,full_hybrid_category_boost,Policies and Procedures,1.0,1.0,1.0,1.0,0.8318724637288826,0.9709286432396583
Q064,vector_only_baseline,Policies and Procedures,1.0,1.0,1.0,1.0,1.0,1.0
Q064,vector_only_category_boost,Policies and Procedures,1.0,1.0,1.0,1.0,0.8318724637288826,0.9709286432396583
Q065,bm25_only,Transportation and Bus Services,1.0,1.0,1.0,1.0,1.0,1.0
Q065,full_hybrid_baseline,Transportation and Bus Services,1.0,1.0,1.0,1.0,1.0,1.0
Q065,full_hybrid_category_boost,Transportation and Bus Services,1.0,1.0,1.0,1.0,1.0,1.0
Q065,vector_only_baseline,Transportation and Bus Services,1.0,1.0,1.0,1.0,1.0,1.0
Q065,vector_only_category_boost,Transportation and Bus Services,1.0,1.0,1.0,1.0,0.8772153153380493,0.8772153153380493
Q066,bm25_only,Programs & Departments,1.0,1.0,1.0,1.0,1.0,1.0
Q066,full_hybrid_baseline,Programs & Departments,1.0,1.0,1.0,1.0,1.0,1.0
Q066,full_hybrid_category_boost,Programs & Departments,1.0,1.0,1.0,1.0,1.0,1.0
Q066,vector_only_baseline,Programs & Departments,1.0,1.0,1.0,1.0,1.0,1.0
Q066,vector_only_category_boost,Programs & Departments,1.0,1.0,1.0,1.0,0.8772153153380493,0.8772153153380493
Q067,bm25_only,Extracurricular Activities,1.0,1.0,1.0,1.0,1.0,1.0
Q067,full_hybrid_baseline,Extracurricular Activities,1.0,1.0,1.0,1.0,0.9060254355346823,0.9060254355346823
Q067,full_hybrid_category_boost,Extracurricular Activities,1.0,1.0,1.0,1.0,0.9060254355346823,0.9060254355346823
Q067,vector_only_baseline,Extracurricular Activities,1.0,1.0,1.0,1.0,1.0,1.0
Q067,vector_only_category_boost,Extracurricular Activities,1.0,1.0,1.0,1.0,1.0,1.0
Q068,bm25_only,University Facts & Governance,1.0,1.0,1.0,1.0,0.6164336326286644,0.8631997506525685
Q068,full_hybrid_baseline,University Facts & Governance,1.0,1.0,1.0,1.0,1.0,1.0
Q068,full_hybrid_category_boost,University Facts & Governance,1.0,1.0,1.0,1.0,1.0,1.0
Q068,vector_only_baseline,University Facts & Governance,1.0,1.0,1.0,1.0,1.0,1.0
Q068,vector_only_category_boost,University Facts & Governance,1.0,1.0,1.0,1.0,1.0,0.9963488021549354
Q069,bm25_only,"Payment, Financial Aid and Scholarship",1.0,1.0,1.0,1.0,1.0,1.0
Q069,full_hybrid_baseline,"Payment, Financial Aid and Scholarship",1.0,1.0,1.0,1.0,1.0,1.0
Q069,full_hybrid_category_boost,"Payment, Financial Aid and Scholarship",1.0,1.0,1.0,1.0,0.9674679834891693,0.9674679834891693
Q069,vector_only_baseline,"Payment, Financial Aid and Scholarship",1.0,1.0,1.0,1.0,0.9469024295259745,0.9469024295259745
Q069,vector_only_category_boost,"Payment, Financial Aid and Scholarship",1.0,1.0,1.0,1.0,0.7653606369886217,0.9066276098484507
Q070,bm25_only,Policies and Procedures,1.0,1.0,1.0,1.0,1.0,1.0
Q070,full_hybrid_baseline,Policies and Procedures,1.0,1.0,1.0,1.0,1.0,1.0
Q070,full_hybrid_category_boost,Policies and Procedures,1.0,1.0,1.0,1.0,1.0,1.0
Q070,vector_only_baseline,Policies and Procedures,1.0,1.0,1.0,1.0,1.0,1.0
Q070,vector_only_category_boost,Policies and Procedures,1.0,1.0,1.0,1.0,1.0,1.0
Q071,bm25_only,Exams and Grading,1.0,1.0,1.0,1.0,1.0,1.0
Q071,full_hybrid_baseline,Exams and Grading,1.0,1.0,1.0,1.0,1.0,1.0
Q071,full_hybrid_category_boost,Exams and Grading,1.0,1.0,1.0,1.0,1.0,1.0
Q071,vector_only_baseline,Exams and Grading,1.0,1.0,1.0,1.0,1.0,1.0
Q071,vector_only_category_boost,Exams and Grading,1.0,1.0,1.0,1.0,1.0,1.0
Q072,bm25_only,Programs & Departments,1.0,1.0,1.0,1.0,1.0,1.0
Q072,full_hybrid_baseline,Programs & Departments,1.0,1.0,1.0,1.0,1.0,1.0
Q072,full_hybrid_category_boost,Programs & Departments,1.0,1.0,1.0,1.0,1.0,1.0
Q072,vector_only_baseline,Programs & Departments,1.0,1.0,1.0,1.0,1.0,1.0
Q072,vector_only_category_boost,Programs & Departments,1.0,1.0,1.0,1.0,0.8772153153380493,0.8772153153380493
Q073,bm25_only,"Payment, Financial Aid and Scholarship",1.0,1.0,1.0,1.0,0.8503449055347546,0.8503449055347546
Q073,full_hybrid_baseline,"Payment, Financial Aid and Scholarship",1.0,1.0,1.0,1.0,1.0,1.0
Q073,full_hybrid_category_boost,"Payment, Financial Aid and Scholarship",1.0,1.0,1.0,1.0,0.8772153153380493,0.8772153153380493
Q073,vector_only_baseline,"Payment, Financial Aid and Scholarship",1.0,1.0,1.0,1.0,1.0,1.0
Q073,vector_only_category_boost,"Payment, Financial Aid and Scholarship",1.0,1.0,1.0,1.0,0.8772153153380493,0.8772153153380493
Q074,bm25_only,Advising,1.0,1.0,1.0,1.0,1.0,1.0
Q074,full_hybrid_baseline,Advising,1.0,1.0,1.0,1.0,0.9197207891481876,0.9197207891481876
Q074,full_hybrid_category_boost,Advising,1.0,1.0,1.0,1.0,0.9197207891481876,0.9197207891481876
Q074,vector_only_baseline,Advising,1.0,1.0,1.0,1.0,0.9197207891481876,0.9197207891481876
Q074,vector_only_category_boost,Advising,1.0,1.0,1.0,1.0,0.9197207891481876,0.9197207891481876
Q075,bm25_only,Admission,1.0,1.0,1.0,1.0,0.7653606369886217,0.9325210919548239
Q075,full_hybrid_baseline,Admission,1.0,1.0,1.0,1.0,1.0,1.0
Q075,full_hybrid_category_boost,Admission,1.0,1.0,1.0,1.0,1.0,1.0
Q075,vector_only_baseline,Admission,1.0,1.0,1.0,1.0,1.0,1.0
Q075,vector_only_category_boost,Admission,0.0,1.0,1.0,0.3333333333333333,0.41618115554873086,0.5833416105149332
Q076,bm25_only,Library,1.0,1.0,1.0,1.0,1.0,1.0
Q076,full_hybrid_baseline,Library,1.0,1.0,1.0,1.0,1.0,1.0
Q076,full_hybrid_category_boost,Library,1.0,1.0,1.0,1.0,1.0,1.0
Q076,vector_only_baseline,Library,1.0,1.0,1.0,1.0,1.0,1.0
Q076,vector_only_category_boost,Library,1.0,1.0,1.0,1.0,1.0,0.9878316351280039
Q077,bm25_only,Advising,1.0,1.0,1.0,1.0,1.0,1.0
Q077,full_hybrid_baseline,Advising,1.0,1.0,1.0,1.0,1.0,1.0
Q077,full_hybrid_category_boost,Advising,1.0,1.0,1.0,1.0,1.0,1.0
Q077,vector_only_baseline,Advising,1.0,1.0,1.0,1.0,1.0,1.0
Q077,vector_only_category_boost,Advising,1.0,1.0,1.0,1.0,0.6131471927654584,0.7903864795495061
Q078,bm25_only,Exams and Grading,1.0,1.0,1.0,1.0,1.0,1.0
Q078,full_hybrid_baseline,Exams and Grading,1.0,1.0,1.0,1.0,1.0,1.0
Q078,full_hybrid_category_boost,Exams and Grading,1.0,1.0,1.0,1.0,0.9828920819566879,0.9828920819566879
Q078,vector_only_baseline,Exams and Grading,1.0,1.0,1.0,1.0,1.0,1.0
Q078,vector_only_category_boost,Exams and Grading,1.0,1.0,1.0,1.0,1.0,1.0
Q079,bm25_only,Campus,1.0,1.0,1.0,1.0,0.9469024295259745,0.9469024295259745
Q079,full_hybrid_baseline,Campus,1.0,1.0,1.0,1.0,0.9674679834891693,0.9674679834891693
Q079,full_hybrid_category_boost,Campus,1.0,1.0,1.0,1.0,0.9674679834891693,0.9674679834891693
Q079,vector_only_baseline,Campus,1.0,1.0,1.0,1.0,0.9674679834891693,0.9674679834891693
Q079,vector_only_category_boost,Campus,1.0,1.0,1.0,1.0,0.7653606369886217,0.9217868789962071
Q080,bm25_only,University Facts & Governance,1.0,1.0,1.0,1.0,1.0,1.0
Q080,full_hybrid_baseline,University Facts & Governance,1.0,1.0,1.0,1.0,1.0,1.0
Q080,full_hybrid_category_boost,University Facts & Governance,1.0,1.0,1.0,1.0,1.0,1.0
Q080,vector_only_baseline,University Facts & Governance,1.0,1.0,1.0,1.0,1.0,1.0
Q080,vector_only_category_boost,University Facts & Governance,1.0,1.0,1.0,1.0,1.0,1.0
Q081,bm25_only,"Payment, Financial Aid and Scholarship",0.0,0.0,0.0,0.0,0.0,0.0
Q081,full_hybrid_baseline,"Payment, Financial Aid and Scholarship",0.0,0.0,0.0,0.0,0.0,0.0
Q081,full_hybrid_category_boost,"Payment, Financial Aid and Scholarship",0.0,0.0,0.0,0.1111111111111111,0.0,0.36181498356361597
Q081,vector_only_baseline,"Payment, Financial Aid and Scholarship",1.0,1.0,1.0,1.0,1.0,1.0
Q081,vector_only_category_boost,"Payment, Financial Aid and Scholarship",1.0,1.0,1.0,1.0,1.0,1.0
Q082,bm25_only,University Facts & Governance,1.0,1.0,1.0,1.0,1.0,1.0
Q082,full_hybrid_baseline,University Facts & Governance,1.0,1.0,1.0,1.0,1.0,1.0
Q082,full_hybrid_category_boost,University Facts & Governance,1.0,1.0,1.0,1.0,1.0,1.0
Q082,vector_only_baseline,University Facts & Governance,1.0,1.0,1.0,1.0,1.0,1.0
Q082,vector_only_category_boost,University Facts & Governance,1.0,1.0,1.0,1.0,1.0,1.0
Q083,bm25_only,Programs & Departments,1.0,1.0,1.0,1.0,1.0,1.0
Q083,full_hybrid_baseline,Programs & Departments,1.0,1.0,1.0,1.0,1.0,1.0
Q083,full_hybrid_category_boost,Programs & Departments,1.0,1.0,1.0,1.0,1.0,1.0
Q083,vector_only_baseline,Programs & Departments,1.0,1.0,1.0,1.0,1.0,1.0
Q083,vector_only_category_boost,Programs & Departments,1.0,1.0,1.0,1.0,1.0,1.0
Q084,bm25_only,Programs & Departments,1.0,1.0,1.0,1.0,0.9674679834891693,0.9674679834891693
Q084,full_hybrid_baseline,Programs & Departments,1.0,1.0,1.0,1.0,1.0,1.0
Q084,full_hybrid_category_boost,Programs & Departments,1.0,1.0,1.0,1.0,1.0,1.0
Q084,vector_only_baseline,Programs & Departments,1.0,1.0,1.0,1.0,1.0,1.0
Q084,vector_only_category_boost,Programs & Departments,1.0,1.0,1.0,1.0,1.0,1.0
Q085,bm25_only,Programs & Departments,1.0,1.0,1.0,1.0,1.0,1.0
Q085,full_hybrid_baseline,Programs & Departments,1.0,1.0,1.0,1.0,1.0,1.0
Q085,full_hybrid_category_boost,Programs & Departments,1.0,1.0,1.0,1.0,1.0,1.0
Q085,vector_only_baseline,Programs & Departments,1.0,1.0,1.0,1.0,1.0,1.0
Q085,vector_only_category_boost,Programs & Departments,1.0,1.0,1.0,1.0,1.0,1.0
Q086,bm25_only,TARC/RS (Residential Semester),1.0,1.0,1.0,1.0,1.0,1.0
Q086,full_hybrid_baseline,TARC/RS (Residential Semester),1.0,1.0,1.0,1.0,1.0,1.0
Q086,full_hybrid_category_boost,TARC/RS (Residential Semester),1.0,1.0,1.0,1.0,1.0,1.0
Q086,vector_only_baseline,TARC/RS (Residential Semester),1.0,1.0,1.0,1.0,1.0,1.0
Q086,vector_only_category_boost,TARC/RS (Residential Semester),1.0,1.0,1.0,1.0,1.0,1.0
Q087,bm25_only,TARC/RS (Residential Semester),1.0,1.0,1.0,1.0,1.0,1.0
Q087,full_hybrid_baseline,TARC/RS (Residential Semester),1.0,1.0,1.0,1.0,1.0,1.0
Q087,full_hybrid_category_boost,TARC/RS (Residential Semester),1.0,1.0,1.0,1.0,1.0,1.0
Q087,vector_only_baseline,TARC/RS (Residential Semester),1.0,1.0,1.0,1.0,1.0,1.0
Q087,vector_only_category_boost,TARC/RS (Residential Semester),1.0,1.0,1.0,1.0,1.0,1.0
Q088,bm25_only,"Payment, Financial Aid and Scholarship",1.0,1.0,1.0,1.0,1.0,1.0
Q088,full_hybrid_baseline,"Payment, Financial Aid and Scholarship",1.0,1.0,1.0,1.0,1.0,1.0
Q088,full_hybrid_category_boost,"Payment, Financial Aid and Scholarship",1.0,1.0,1.0,1.0,1.0,1.0
Q088,vector_only_baseline,"Payment, Financial Aid and Scholarship",1.0,1.0,1.0,1.0,1.0,1.0
Q088,vector_only_category_boost,"Payment, Financial Aid and Scholarship",1.0,1.0,1.0,1.0,1.0,1.0
Q089,bm25_only,Transportation and Bus Services,1.0,1.0,1.0,1.0,1.0,1.0
Q089,full_hybrid_baseline,Transportation and Bus Services,1.0,1.0,1.0,1.0,1.0,1.0
Q089,full_hybrid_category_boost,Transportation and Bus Services,1.0,1.0,1.0,1.0,1.0,1.0
Q089,vector_only_baseline,Transportation and Bus Services,1.0,1.0,1.0,1.0,1.0,1.0
Q089,vector_only_category_boost,Transportation and Bus Services,1.0,1.0,1.0,1.0,0.8503449055347546,0.8503449055347546
Q090,bm25_only,International Student,1.0,1.0,1.0,1.0,1.0,1.0
Q090,full_hybrid_baseline,International Student,1.0,1.0,1.0,1.0,1.0,1.0
Q090,full_hybrid_category_boost,International Student,1.0,1.0,1.0,1.0,1.0,1.0
Q090,vector_only_baseline,International Student,1.0,1.0,1.0,1.0,1.0,1.0
Q090,vector_only_category_boost,International Student,1.0,1.0,1.0,1.0,1.0,1.0
Q091,bm25_only,Library,1.0,1.0,1.0,1.0,0.830419897363192,0.9495662644168644
Q091,full_hybrid_baseline,Library,1.0,1.0,1.0,1.0,1.0,1.0
Q091,full_hybrid_category_boost,Library,1.0,1.0,1.0,1.0,1.0,1.0
Q091,vector_only_baseline,Library,1.0,1.0,1.0,1.0,1.0,1.0
Q091,vector_only_category_boost,Library,1.0,1.0,1.0,1.0,1.0,0.9911205770005563
Q092,bm25_only,Admission,1.0,1.0,1.0,1.0,0.8503449055347546,0.8503449055347546
Q092,full_hybrid_baseline,Admission,1.0,1.0,1.0,1.0,0.7653606369886217,0.9325210919548239
Q092,full_hybrid_category_boost,Admission,1.0,1.0,1.0,1.0,0.7653606369886217,0.9325210919548239
Q092,vector_only_baseline,Admission,1.0,1.0,1.0,1.0,1.0,1.0
Q092,vector_only_category_boost,Admission,1.0,1.0,1.0,1.0,0.7653606369886217,0.9325210919548239
Q093,bm25_only,Exams and Grading,1.0,1.0,1.0,1.0,1.0,1.0
Q093,full_hybrid_baseline,Exams and Grading,1.0,1.0,1.0,1.0,1.0,1.0
Q093,full_hybrid_category_boost,Exams and Grading,1.0,1.0,1.0,1.0,1.0,1.0
Q093,vector_only_baseline,Exams and Grading,1.0,1.0,1.0,1.0,1.0,1.0
Q093,vector_only_category_boost,Exams and Grading,1.0,1.0,1.0,1.0,1.0,1.0
Q094,bm25_only,Admission,1.0,1.0,1.0,1.0,1.0,1.0
Q094,full_hybrid_baseline,Admission,1.0,1.0,1.0,1.0,1.0,1.0
Q094,full_hybrid_category_boost,Admission,1.0,1.0,1.0,1.0,1.0,1.0
Q094,vector_only_baseline,Admission,1.0,1.0,1.0,1.0,1.0,1.0
Q094,vector_only_category_boost,Admission,1.0,1.0,1.0,1.0,1.0,1.0
Q095,bm25_only,Technical Support,1.0,1.0,1.0,1.0,0.46927872602275644,0.7461976723150332
Q095,full_hybrid_baseline,Technical Support,1.0,1.0,1.0,1.0,0.75369761125927,0.8927537907700456
Q095,full_hybrid_category_boost,Technical Support,1.0,1.0,1.0,1.0,0.75369761125927,0.8927537907700456
Q095,vector_only_baseline,Technical Support,1.0,1.0,1.0,1.0,1.0,1.0
Q095,vector_only_category_boost,Technical Support,1.0,1.0,1.0,1.0,1.0,1.0
Q096,bm25_only,Library,1.0,1.0,1.0,1.0,1.0,0.9950883841893561
Q096,full_hybrid_baseline,Library,1.0,1.0,1.0,1.0,1.0,1.0
Q096,full_hybrid_category_boost,Library,1.0,1.0,1.0,1.0,1.0,1.0
Q096,vector_only_baseline,Library,1.0,1.0,1.0,1.0,1.0,1.0
Q096,vector_only_category_boost,Library,1.0,1.0,1.0,1.0,1.0,1.0
Q097,bm25_only,"Payment, Financial Aid and Scholarship",1.0,1.0,1.0,1.0,0.7039180890341347,0.8451850618939637
Q097,full_hybrid_baseline,"Payment, Financial Aid and Scholarship",1.0,1.0,1.0,1.0,0.9674679834891693,0.9674679834891693
Q097,full_hybrid_category_boost,"Payment, Financial Aid and Scholarship",1.0,1.0,1.0,1.0,0.8854598815714874,0.8854598815714874
Q097,vector_only_baseline,"Payment, Financial Aid and Scholarship",1.0,1.0,1.0,1.0,1.0,1.0
Q097,vector_only_category_boost,"Payment, Financial Aid and Scholarship",1.0,1.0,1.0,1.0,1.0,1.0
Q098,bm25_only,University Facts & Governance,1.0,1.0,1.0,1.0,1.0,1.0
Q098,full_hybrid_baseline,University Facts & Governance,1.0,1.0,1.0,1.0,0.7653606369886217,0.9217868789962071
Q098,full_hybrid_category_boost,University Facts & Governance,1.0,1.0,1.0,1.0,0.7653606369886217,0.9217868789962071
Q098,vector_only_baseline,University Facts & Governance,1.0,1.0,1.0,1.0,0.9674679834891693,0.9674679834891693
Q098,vector_only_category_boost,University Facts & Governance,1.0,1.0,1.0,1.0,0.9674679834891693,0.9674679834891693
Q099,bm25_only,Policies and Procedures,1.0,1.0,1.0,1.0,1.0,1.0
Q099,full_hybrid_baseline,Policies and Procedures,1.0,1.0,1.0,1.0,1.0,1.0
Q099,full_hybrid_category_boost,Policies and Procedures,1.0,1.0,1.0,1.0,1.0,1.0
Q099,vector_only_baseline,Policies and Procedures,1.0,1.0,1.0,1.0,1.0,1.0
Q099,vector_only_category_boost,Policies and Procedures,1.0,1.0,1.0,1.0,1.0,1.0
Q100,bm25_only,University Facts & Governance,1.0,1.0,1.0,1.0,1.0,1.0
Q100,full_hybrid_baseline,University Facts & Governance,1.0,1.0,1.0,1.0,1.0,1.0
Q100,full_hybrid_category_boost,University Facts & Governance,1.0,1.0,1.0,1.0,1.0,1.0
Q100,vector_only_baseline,University Facts & Governance,1.0,1.0,1.0,1.0,1.0,1.0
Q100,vector_only_category_boost,University Facts & Governance,1.0,1.0,1.0,1.0,0.6131471927654584,0.8175295903539445
