query_id,config,both_hit@3,both_hit@5,both_hit@10
COMPOUND-C-CSE111-01,bm25_only,False,True,True
COMPOUND-C-CSE111-02,bm25_only,False,True,True
COMPOUND-C-CSE111-03,bm25_only,False,True,True
COMPOUND-C-CSE111-04,bm25_only,False,True,True
COMPOUND-C-CSE111-05,bm25_only,False,True,True
COMPOUND-C-CSE111-06,bm25_only,False,True,True
COMPOUND-C-CSE111-07,bm25_only,False,True,True
COMPOUND-C-CSE111-08,bm25_only,False,True,True
COMPOUND-C-CSE111-09,bm25_only,False,True,True
COMPOUND-C-CSE111-10,bm25_only,False,True,True
COMPOUND-C-CSE111-11,bm25_only,False,True,True
COMPOUND-C-CSE111-12,bm25_only,False,True,True
COMPOUND-C-CSE111-13,bm25_only,False,True,True
COMPOUND-C-CSE111-14,bm25_only,False,True,True
COMPOUND-C-CSE220-01,bm25_only,False,False,True
COMPOUND-C-CSE220-02,bm25_only,False,False,True
COMPOUND-C-CSE220-03,bm25_only,False,False,True
COMPOUND-C-CSE220-04,bm25_only,False,False,True
COMPOUND-C-CSE220-05,bm25_only,False,False,True
COMPOUND-C-CSE220-06,bm25_only,False,False,True
COMPOUND-C-CSE220-07,bm25_only,False,False,True
COMPOUND-C-CSE220-08,bm25_only,False,False,True
COMPOUND-C-CSE220-09,bm25_only,False,False,True
COMPOUND-C-CSE220-10,bm25_only,False,False,True
COMPOUND-C-CSE220-11,bm25_only,False,False,True
COMPOUND-C-CSE220-12,bm25_only,False,False,True
COMPOUND-C-CSE220-13,bm25_only,False,False,True
COMPOUND-C-CSE220-14,bm25_only,False,False,True
COMPOUND-C-CSE220-15,bm25_only,False,False,True
COMPOUND-C-CSE220-16,bm25_only,False,False,True
COMPOUND-C-CSE220-17,bm25_only,False,False,True
COMPOUND-C-CSE220-18,bm25_only,False,False,True
COMPOUND-C-CSE220-19,bm25_only,False,False,True
COMPOUND-C-CSE220-20,bm25_only,False,False,True
COMPOUND-C-CSE221-01,bm25_only,False,False,True
COMPOUND-C-CSE221-02,bm25_only,False,False,True
COMPOUND-C-CSE221-03,bm25_only,False,False,True
COMPOUND-C-CSE221-04,bm25_only,False,False,True
COMPOUND-C-CSE221-05,bm25_only,False,False,True
COMPOUND-C-CSE221-06,bm25_only,False,False,True
COMPOUND-C-CSE221-07,bm25_only,False,False,True
COMPOUND-C-CSE221-09,bm25_only,False,False,True
COMPOUND-C-CSE221-10,bm25_only,False,False,True
COMPOUND-C-CSE221-11,bm25_only,False,False,True
COMPOUND-C-CSE221-12,bm25_only,False,False,True
COMPOUND-C-CSE221-13,bm25_only,False,False,True
COMPOUND-C-CSE221-14,bm25_only,False,False,True
COMPOUND-C-CSE221-15,bm25_only,False,False,True
COMPOUND-C-CSE221-16,bm25_only,False,False,True
COMPOUND-C-CSE221-17,bm25_only,False,False,True
COMPOUND-C-CSE221-18,bm25_only,False,False,True
COMPOUND-C-CSE221-19,bm25_only,False,False,True
COMPOUND-C-CSE250-01A,bm25_only,False,False,True
COMPOUND-C-CSE250-01B,bm25_only,False,False,True
COMPOUND-C-CSE250-02A,bm25_only,False,False,True
COMPOUND-C-CSE250-02B,bm25_only,False,False,True
COMPOUND-C-CSE250-03A,bm25_only,False,False,True
COMPOUND-C-CSE250-03B,bm25_only,False,False,True
COMPOUND-C-CSE250-04A,bm25_only,False,False,True
COMPOUND-C-CSE250-04B,bm25_only,False,False,True
COMPOUND-C-CSE250-05A,bm25_only,False,False,True
COMPOUND-C-CSE250-05B,bm25_only,False,False,True
COMPOUND-C-CSE250-06A,bm25_only,False,False,True
COMPOUND-C-CSE250-06B,bm25_only,False,False,True
COMPOUND-C-CSE250-07A,bm25_only,False,False,True
COMPOUND-C-CSE250-07B,bm25_only,False,False,True
COMPOUND-C-CSE250-08A,bm25_only,False,False,True
COMPOUND-C-CSE250-08B,bm25_only,False,False,True
COMPOUND-C-CSE250-09A,bm25_only,False,False,True
COMPOUND-C-CSE250-09B,bm25_only,False,False,True
COMPOUND-C-CSE250-10A,bm25_only,False,False,True
COMPOUND-C-CSE250-10B,bm25_only,False,False,True
COMPOUND-C-CSE251-01A,bm25_only,False,True,True
COMPOUND-C-CSE251-01B,bm25_only,False,True,True
COMPOUND-C-CSE251-02A,bm25_only,False,True,True
COMPOUND-C-CSE251-03A,bm25_only,False,True,True
COMPOUND-C-CSE251-03B,bm25_only,False,True,True
COMPOUND-C-CSE251-04A,bm25_only,False,True,True
COMPOUND-C-CSE251-04B,bm25_only,False,True,True
COMPOUND-C-CSE251-05A,bm25_only,False,True,True
COMPOUND-C-CSE251-05B,bm25_only,False,True,True
COMPOUND-C-CSE251-06A,bm25_only,False,True,True
COMPOUND-C-CSE251-06B,bm25_only,False,True,True
COMPOUND-C-CSE251-07A,bm25_only,False,True,True
COMPOUND-C-CSE251-08A,bm25_only,False,True,True
COMPOUND-C-CSE251-08B,bm25_only,False,True,True
COMPOUND-C-CSE251-09A,bm25_only,False,True,True
COMPOUND-C-CSE251-09B,bm25_only,False,True,True
COMPOUND-C-CSE260-01A,bm25_only,False,True,True
COMPOUND-C-CSE260-01B,bm25_only,False,True,True
COMPOUND-C-CSE260-02A,bm25_only,False,False,True
COMPOUND-C-CSE260-02B,bm25_only,False,True,True
COMPOUND-C-CSE260-03A,bm25_only,False,False,True
COMPOUND-C-CSE260-03B,bm25_only,False,True,True
COMPOUND-C-CSE260-04A,bm25_only,False,True,True
COMPOUND-C-CSE260-04B,bm25_only,False,True,True
COMPOUND-C-CSE260-05A,bm25_only,False,True,True
COMPOUND-C-CSE260-05B,bm25_only,False,False,True
COMPOUND-C-CSE260-06A,bm25_only,False,True,True
COMPOUND-C-CSE260-06B,bm25_only,False,True,True
COMPOUND-C-CSE260-07A,bm25_only,False,False,True
COMPOUND-C-CSE260-07B,bm25_only,False,False,True
COMPOUND-C-CSE260-08A,bm25_only,False,True,True
COMPOUND-C-CSE260-08B,bm25_only,False,True,True
COMPOUND-C-CSE260-09A,bm25_only,False,True,True
COMPOUND-C-CSE260-09B,bm25_only,False,True,True
COMPOUND-C-CSE260-10A,bm25_only,False,True,True
COMPOUND-C-CSE260-10B,bm25_only,False,True,True
COMPOUND-C-CSE260-11A,bm25_only,False,True,True
COMPOUND-C-CSE260-11B,bm25_only,False,True,True
COMPOUND-C-CSE260-12A,bm25_only,False,True,True
COMPOUND-C-CSE260-12B,bm25_only,False,True,True
COMPOUND-C-CSE260-13A,bm25_only,False,False,True
COMPOUND-C-CSE260-13B,bm25_only,False,False,True
COMPOUND-C-CSE260-14A,bm25_only,False,False,True
COMPOUND-C-CSE260-14B,bm25_only,False,False,True
COMPOUND-C-CSE260-15A,bm25_only,False,False,True
COMPOUND-C-CSE260-15B,bm25_only,False,True,True
COMPOUND-C-CSE260-16A,bm25_only,False,False,True
COMPOUND-C-CSE260-16B,bm25_only,False,False,True
COMPOUND-C-CSE260-17A,bm25_only,False,False,True
COMPOUND-C-CSE260-17B,bm25_only,False,True,True
COMPOUND-C-CSE260-18A,bm25_only,False,False,True
COMPOUND-C-CSE260-18B,bm25_only,False,True,True
COMPOUND-C-CSE260-19A,bm25_only,False,True,True
COMPOUND-C-CSE260-19B,bm25_only,False,False,True
COMPOUND-C-CSE260-20A,bm25_only,False,False,True
COMPOUND-C-CSE260-20B,bm25_only,False,True,True
COMPOUND-C-CSE260-21A,bm25_only,False,False,True
COMPOUND-C-CSE260-21B,bm25_only,False,False,True
COMPOUND-C-CSE260-22A,bm25_only,False,False,True
COMPOUND-C-CSE260-22B,bm25_only,False,False,True
COMPOUND-C-CSE321-01,bm25_only,False,True,True
COMPOUND-C-CSE321-02,bm25_only,False,True,True
COMPOUND-C-CSE321-03,bm25_only,False,True,True
COMPOUND-C-CSE321-04,bm25_only,False,True,True
COMPOUND-C-CSE321-05,bm25_only,False,True,True
COMPOUND-C-CSE321-06,bm25_only,False,True,True
COMPOUND-C-CSE321-07,bm25_only,False,True,True
COMPOUND-C-CSE321-08,bm25_only,False,True,True
COMPOUND-C-CSE321-09,bm25_only,False,True,True
COMPOUND-C-CSE321-10,bm25_only,False,True,True
COMPOUND-C-CSE321-11,bm25_only,False,True,True
COMPOUND-C-CSE321-12,bm25_only,False,True,True
COMPOUND-C-CSE321-13,bm25_only,False,True,True
COMPOUND-C-CSE321-14,bm25_only,False,True,True
COMPOUND-C-CSE321-15,bm25_only,False,True,True
COMPOUND-C-CSE321-16,bm25_only,False,True,True
COMPOUND-C-CSE321-17,bm25_only,False,True,True
COMPOUND-C-CSE321-18,bm25_only,False,True,True
COMPOUND-C-CSE321-19,bm25_only,False,True,True
COMPOUND-C-CSE321-20,bm25_only,False,True,True
COMPOUND-C-CSE321-21,bm25_only,False,True,True
COMPOUND-C-CSE321-23,bm25_only,False,True,True
COMPOUND-C-CSE321-24,bm25_only,False,True,True
COMPOUND-C-CSE330-01,bm25_only,True,True,True
COMPOUND-C-CSE330-02,bm25_only,True,True,True
COMPOUND-C-CSE330-03,bm25_only,True,True,True
COMPOUND-C-CSE330-04,bm25_only,True,True,True
COMPOUND-C-CSE330-05,bm25_only,True,True,True
COMPOUND-C-CSE330-06,bm25_only,True,True,True
COMPOUND-C-CSE330-07,bm25_only,True,True,True
COMPOUND-C-CSE330-08,bm25_only,True,True,True
COMPOUND-C-CSE330-09,bm25_only,True,True,True
COMPOUND-C-CSE330-10,bm25_only,True,True,True
COMPOUND-C-CSE330-11,bm25_only,True,True,True
COMPOUND-C-CSE330-12,bm25_only,True,True,True
COMPOUND-C-CSE330-13,bm25_only,True,True,True
COMPOUND-C-CSE330-14,bm25_only,True,True,True
COMPOUND-C-CSE330-15,bm25_only,True,True,True
COMPOUND-C-CSE330-16,bm25_only,True,True,True
COMPOUND-C-CSE330-17,bm25_only,True,True,True
COMPOUND-C-CSE330-18,bm25_only,True,True,True
COMPOUND-C-CSE330-19,bm25_only,True,True,True
COMPOUND-C-CSE331-01,bm25_only,True,True,True
COMPOUND-C-CSE331-02,bm25_only,True,True,True
COMPOUND-C-CSE331-03,bm25_only,True,True,True
COMPOUND-C-CSE331-04,bm25_only,True,True,True
COMPOUND-C-CSE331-05,bm25_only,True,True,True
COMPOUND-C-CSE331-06,bm25_only,True,True,True
COMPOUND-C-CSE331-07,bm25_only,True,True,True
COMPOUND-C-CSE331-08,bm25_only,True,True,True
COMPOUND-C-CSE331-09,bm25_only,True,True,True
COMPOUND-C-CSE331-10,bm25_only,True,True,True
COMPOUND-C-CSE331-11,bm25_only,False,False,True
COMPOUND-C-CSE331-12,bm25_only,False,True,True
COMPOUND-C-CSE331-13,bm25_only,True,True,True
COMPOUND-C-CSE331-14,bm25_only,True,True,True
COMPOUND-C-CSE331-15,bm25_only,True,True,True
COMPOUND-C-CSE331-16,bm25_only,True,True,True
COMPOUND-C-CSE340-01,bm25_only,True,True,True
COMPOUND-C-CSE340-02,bm25_only,True,True,True
COMPOUND-C-CSE340-03,bm25_only,True,True,True
COMPOUND-C-CSE340-04,bm25_only,True,True,True
COMPOUND-C-CSE340-05,bm25_only,True,True,True
COMPOUND-C-CSE340-06,bm25_only,True,True,True
COMPOUND-C-CSE340-07,bm25_only,True,True,True
COMPOUND-C-CSE340-08,bm25_only,True,True,True
COMPOUND-C-CSE340-09,bm25_only,True,True,True
COMPOUND-C-CSE340-10,bm25_only,True,True,True
COMPOUND-C-CSE340-11,bm25_only,False,False,True
COMPOUND-C-CSE340-12,bm25_only,False,False,True
COMPOUND-C-CSE340-13,bm25_only,True,True,True
COMPOUND-C-CSE340-14,bm25_only,True,True,True
COMPOUND-C-CSE340-15,bm25_only,True,True,True
COMPOUND-C-CSE340-16,bm25_only,True,True,True
COMPOUND-C-CSE340-17,bm25_only,True,True,True
COMPOUND-C-CSE340-18,bm25_only,True,True,True
COMPOUND-C-CSE340-19,bm25_only,True,True,True
COMPOUND-C-CSE340-20,bm25_only,True,True,True
COMPOUND-C-CSE340-21,bm25_only,True,True,True
COMPOUND-C-CSE340-22,bm25_only,True,True,True
COMPOUND-C-CSE340-23,bm25_only,True,True,True
COMPOUND-C-CSE340-24,bm25_only,True,True,True
COMPOUND-C-CSE340-25,bm25_only,True,True,True
COMPOUND-C-CSE340-26,bm25_only,True,True,True
COMPOUND-C-CSE341-01,bm25_only,True,True,True
COMPOUND-C-CSE341-02,bm25_only,True,True,True
COMPOUND-C-CSE341-03,bm25_only,True,True,True
COMPOUND-C-CSE341-04,bm25_only,True,True,True
COMPOUND-C-CSE341-05,bm25_only,True,True,True
COMPOUND-C-CSE341-06,bm25_only,True,True,True
COMPOUND-C-CSE341-07,bm25_only,True,True,True
COMPOUND-C-CSE341-08,bm25_only,True,True,True
COMPOUND-C-CSE341-09,bm25_only,True,True,True
COMPOUND-C-CSE341-10,bm25_only,True,True,True
COMPOUND-C-CSE350-01A,bm25_only,True,True,True
COMPOUND-C-CSE350-01B,bm25_only,True,True,True
COMPOUND-C-CSE350-02A,bm25_only,True,True,True
COMPOUND-C-CSE350-02B,bm25_only,True,True,True
COMPOUND-C-CSE350-03A,bm25_only,True,True,True
COMPOUND-C-CSE350-03B,bm25_only,True,True,True
COMPOUND-C-CSE350-04A,bm25_only,True,True,True
COMPOUND-C-CSE350-04B,bm25_only,True,True,True
COMPOUND-C-CSE350-05A,bm25_only,True,True,True
COMPOUND-C-CSE350-05B,bm25_only,True,True,True
COMPOUND-C-CSE350-06A,bm25_only,True,True,True
COMPOUND-C-CSE350-06B,bm25_only,True,True,True
COMPOUND-C-CSE350-07A,bm25_only,True,True,True
COMPOUND-C-CSE350-07B,bm25_only,True,True,True
COMPOUND-C-CSE350-08A,bm25_only,True,True,True
COMPOUND-C-CSE350-08B,bm25_only,True,True,True
COMPOUND-C-CSE350-09A,bm25_only,True,True,True
COMPOUND-C-CSE350-09B,bm25_only,True,True,True
COMPOUND-C-CSE350-10A,bm25_only,True,True,True
COMPOUND-C-CSE360-01,bm25_only,True,True,True
COMPOUND-C-CSE360-03,bm25_only,True,True,True
COMPOUND-C-CSE360-04,bm25_only,True,True,True
COMPOUND-C-CSE360-05,bm25_only,True,True,True
COMPOUND-C-CSE360-06,bm25_only,True,True,True
COMPOUND-C-CSE360-07,bm25_only,True,True,True
COMPOUND-C-CSE360-08,bm25_only,True,True,True
COMPOUND-C-CSE360-09,bm25_only,True,True,True
COMPOUND-C-CSE360-10,bm25_only,True,True,True
COMPOUND-C-CSE370-01,bm25_only,False,False,True
COMPOUND-C-CSE370-02,bm25_only,False,False,True
COMPOUND-C-CSE370-03,bm25_only,False,False,True
COMPOUND-C-CSE370-04,bm25_only,False,False,True
COMPOUND-C-CSE370-05,bm25_only,False,False,True
COMPOUND-C-CSE370-06,bm25_only,False,False,True
COMPOUND-C-CSE370-07,bm25_only,False,False,True
COMPOUND-C-CSE370-08,bm25_only,False,False,True
COMPOUND-C-CSE370-09,bm25_only,False,False,True
COMPOUND-C-CSE370-10,bm25_only,False,False,True
COMPOUND-C-CSE370-11,bm25_only,False,False,True
COMPOUND-C-CSE370-12,bm25_only,False,False,True
COMPOUND-C-CSE370-13,bm25_only,False,False,True
COMPOUND-C-CSE370-14,bm25_only,False,False,True
COMPOUND-C-CSE370-15,bm25_only,False,False,True
COMPOUND-C-CSE370-16,bm25_only,False,False,True
COMPOUND-C-CSE391-01,bm25_only,True,True,True
COMPOUND-C-CSE420-01,bm25_only,True,True,True
COMPOUND-C-CSE420-02,bm25_only,True,True,True
COMPOUND-C-CSE420-03,bm25_only,True,True,True
COMPOUND-C-CSE420-05,bm25_only,True,True,True
COMPOUND-C-CSE420-06,bm25_only,True,True,True
COMPOUND-C-CSE420-07,bm25_only,True,True,True
COMPOUND-C-CSE420-08,bm25_only,True,True,True
COMPOUND-C-CSE420-09,bm25_only,True,True,True
COMPOUND-C-CSE420-10,bm25_only,True,True,True
COMPOUND-C-CSE420-11,bm25_only,False,False,True
COMPOUND-C-CSE420-12,bm25_only,True,True,True
COMPOUND-C-CSE420-13,bm25_only,True,True,True
COMPOUND-C-CSE420-14,bm25_only,True,True,True
COMPOUND-C-CSE420-15,bm25_only,True,True,True
COMPOUND-C-CSE420-16,bm25_only,True,True,True
COMPOUND-C-CSE420-17,bm25_only,True,True,True
COMPOUND-C-CSE420-18,bm25_only,True,True,True
COMPOUND-C-CSE420-19,bm25_only,True,True,True
COMPOUND-C-CSE420-20,bm25_only,True,True,True
COMPOUND-C-CSE420-23,bm25_only,False,True,True
COMPOUND-C-CSE420-24,bm25_only,True,True,True
COMPOUND-C-CSE420-25,bm25_only,True,True,True
COMPOUND-C-CSE420-26,bm25_only,False,True,True
COMPOUND-C-CSE421-01,bm25_only,True,True,True
COMPOUND-C-CSE421-02,bm25_only,True,True,True
COMPOUND-C-CSE421-03,bm25_only,True,True,True
COMPOUND-C-CSE421-04,bm25_only,True,True,True
COMPOUND-C-CSE421-05,bm25_only,True,True,True
COMPOUND-C-CSE421-06,bm25_only,True,True,True
COMPOUND-C-CSE421-07,bm25_only,True,True,True
COMPOUND-C-CSE421-08,bm25_only,True,True,True
COMPOUND-C-CSE421-09,bm25_only,True,True,True
COMPOUND-C-CSE421-10,bm25_only,True,True,True
COMPOUND-C-CSE421-11,bm25_only,True,True,True
COMPOUND-C-CSE421-12,bm25_only,True,True,True
COMPOUND-C-CSE421-13,bm25_only,True,True,True
COMPOUND-C-CSE421-14,bm25_only,True,True,True
COMPOUND-C-CSE421-15,bm25_only,True,True,True
COMPOUND-C-CSE421-16,bm25_only,True,True,True
COMPOUND-C-CSE421-17,bm25_only,True,True,True
COMPOUND-C-CSE421-18,bm25_only,True,True,True
COMPOUND-C-CSE421-19,bm25_only,True,True,True
COMPOUND-C-CSE421-20,bm25_only,True,True,True
COMPOUND-C-CSE421-21,bm25_only,True,True,True
COMPOUND-C-CSE421-22,bm25_only,True,True,True
COMPOUND-C-CSE421-23,bm25_only,True,True,True
COMPOUND-C-CSE421-24,bm25_only,True,True,True
COMPOUND-C-CSE421-25,bm25_only,True,True,True
COMPOUND-C-CSE421-26,bm25_only,True,True,True
COMPOUND-C-CSE421-27,bm25_only,True,True,True
COMPOUND-C-CSE421-28,bm25_only,True,True,True
COMPOUND-C-CSE422-01,bm25_only,True,True,True
COMPOUND-C-CSE422-02,bm25_only,True,True,True
COMPOUND-C-CSE422-03,bm25_only,True,True,True
COMPOUND-C-CSE422-04,bm25_only,True,True,True
COMPOUND-C-CSE422-05,bm25_only,True,True,True
COMPOUND-C-CSE422-06,bm25_only,True,True,True
COMPOUND-C-CSE422-07,bm25_only,True,True,True
COMPOUND-C-CSE422-08,bm25_only,True,True,True
COMPOUND-C-CSE422-09,bm25_only,True,True,True
COMPOUND-C-CSE422-10,bm25_only,True,True,True
COMPOUND-C-CSE422-11,bm25_only,True,True,True
COMPOUND-C-CSE422-12,bm25_only,True,True,True
COMPOUND-C-CSE422-13,bm25_only,True,True,True
COMPOUND-C-CSE422-14,bm25_only,True,True,True
COMPOUND-C-CSE422-15,bm25_only,True,True,True
COMPOUND-C-CSE422-16,bm25_only,True,True,True
COMPOUND-C-CSE422-17,bm25_only,True,True,True
COMPOUND-C-CSE422-18,bm25_only,True,True,True
COMPOUND-C-CSE422-19,bm25_only,True,True,True
COMPOUND-C-CSE422-20,bm25_only,True,True,True
COMPOUND-C-CSE423-01,bm25_only,True,True,True
COMPOUND-C-CSE423-02,bm25_only,True,True,True
COMPOUND-C-CSE423-03,bm25_only,True,True,True
COMPOUND-C-CSE423-04,bm25_only,True,True,True
COMPOUND-C-CSE423-05,bm25_only,True,True,True
COMPOUND-C-CSE423-06,bm25_only,True,True,True
COMPOUND-C-CSE423-07,bm25_only,True,True,True
COMPOUND-C-CSE423-08,bm25_only,True,True,True
COMPOUND-C-CSE423-09,bm25_only,True,True,True
COMPOUND-C-CSE423-10,bm25_only,True,True,True
COMPOUND-C-CSE423-11,bm25_only,True,True,True
COMPOUND-C-CSE423-12,bm25_only,True,True,True
COMPOUND-C-CSE423-13,bm25_only,True,True,True
COMPOUND-C-CSE423-14,bm25_only,True,True,True
COMPOUND-C-CSE423-15,bm25_only,True,True,True
COMPOUND-C-CSE423-16,bm25_only,True,True,True
COMPOUND-C-CSE423-17,bm25_only,True,True,True
COMPOUND-C-CSE423-18,bm25_only,True,True,True
COMPOUND-C-CSE423-19,bm25_only,True,True,True
COMPOUND-C-CSE423-20,bm25_only,True,True,True
COMPOUND-C-CSE423-21,bm25_only,True,True,True
COMPOUND-C-CSE423-22,bm25_only,True,True,True
COMPOUND-C-CSE423-23,bm25_only,True,True,True
COMPOUND-C-CSE423-24,bm25_only,True,True,True
COMPOUND-C-CSE460-01,bm25_only,True,True,True
COMPOUND-C-CSE460-02,bm25_only,True,True,True
COMPOUND-C-CSE460-03,bm25_only,True,True,True
COMPOUND-C-CSE460-04,bm25_only,True,True,True
COMPOUND-C-CSE460-05,bm25_only,True,True,True
COMPOUND-C-CSE460-06,bm25_only,True,True,True
COMPOUND-C-CSE460-07,bm25_only,True,True,True
COMPOUND-C-CSE460-08,bm25_only,True,True,True
COMPOUND-C-CSE460-09,bm25_only,True,True,True
COMPOUND-C-CSE460-10,bm25_only,True,True,True
COMPOUND-C-CSE460-11,bm25_only,True,True,True
COMPOUND-C-CSE460-12,bm25_only,True,True,True
COMPOUND-C-CSE461-01,bm25_only,True,True,True
COMPOUND-C-CSE461-02,bm25_only,True,True,True
COMPOUND-C-CSE461-03,bm25_only,True,True,True
COMPOUND-C-CSE461-04,bm25_only,True,True,True
COMPOUND-C-CSE461-05,bm25_only,True,True,True
COMPOUND-C-CSE461-06,bm25_only,True,True,True
COMPOUND-C-CSE461-07,bm25_only,True,True,True
COMPOUND-C-CSE461-08,bm25_only,True,True,True
COMPOUND-C-CSE461-09,bm25_only,True,True,True
COMPOUND-C-CSE470-01,bm25_only,True,True,True
COMPOUND-C-CSE470-02,bm25_only,True,True,True
COMPOUND-C-CSE470-03,bm25_only,True,True,True
COMPOUND-C-CSE470-04,bm25_only,True,True,True
COMPOUND-C-CSE470-05,bm25_only,True,True,True
COMPOUND-C-CSE470-06,bm25_only,True,True,True
COMPOUND-C-CSE470-07,bm25_only,True,True,True
COMPOUND-C-CSE470-08,bm25_only,True,True,True
COMPOUND-C-CSE470-09,bm25_only,True,True,True
COMPOUND-C-CSE470-10,bm25_only,True,True,True
COMPOUND-C-CSE470-11,bm25_only,False,True,True
COMPOUND-C-CSE470-12,bm25_only,False,False,True
COMPOUND-C-CSE470-13,bm25_only,True,True,True
COMPOUND-C-CSE470-15,bm25_only,True,True,True
COMPOUND-C-CSE470-16,bm25_only,True,True,True
COMPOUND-C-CSE470-18,bm25_only,True,True,True
COMPOUND-C-CSE470-19,bm25_only,True,True,True
COMPOUND-C-CSE471-01,bm25_only,True,True,True
COMPOUND-C-CSE471-02,bm25_only,True,True,True
COMPOUND-C-CSE471-03,bm25_only,True,True,True
COMPOUND-C-CSE471-04,bm25_only,True,True,True
COMPOUND-C-CSE471-07,bm25_only,True,True,True
COMPOUND-C-CSE471-08,bm25_only,True,True,True
COMPOUND-C-CSE471-09,bm25_only,True,True,True
COMPOUND-C-CSE471-10,bm25_only,True,True,True
COMPOUND-C-CSE471-11,bm25_only,True,True,True
COMPOUND-C-CSE471-14,bm25_only,True,True,True
COMPOUND-C-CSE471-15,bm25_only,True,True,True
COMPOUND-C-CSE489-01,bm25_only,True,True,True
COMPOUND-C-CSE111-01,full_hybrid,True,True,True
COMPOUND-C-CSE111-02,full_hybrid,True,True,True
COMPOUND-C-CSE111-03,full_hybrid,True,True,True
COMPOUND-C-CSE111-04,full_hybrid,True,True,True
COMPOUND-C-CSE111-05,full_hybrid,True,True,True
COMPOUND-C-CSE111-06,full_hybrid,False,True,True
COMPOUND-C-CSE111-07,full_hybrid,True,True,True
COMPOUND-C-CSE111-08,full_hybrid,True,True,True
COMPOUND-C-CSE111-09,full_hybrid,True,True,True
COMPOUND-C-CSE111-10,full_hybrid,True,True,True
COMPOUND-C-CSE111-11,full_hybrid,True,True,True
COMPOUND-C-CSE111-12,full_hybrid,True,True,True
COMPOUND-C-CSE111-13,full_hybrid,True,True,True
COMPOUND-C-CSE111-14,full_hybrid,True,True,True
COMPOUND-C-CSE220-01,full_hybrid,True,True,True
COMPOUND-C-CSE220-02,full_hybrid,True,True,True
COMPOUND-C-CSE220-03,full_hybrid,True,True,True
COMPOUND-C-CSE220-04,full_hybrid,True,True,True
COMPOUND-C-CSE220-05,full_hybrid,False,False,True
COMPOUND-C-CSE220-06,full_hybrid,False,False,True
COMPOUND-C-CSE220-07,full_hybrid,False,False,True
COMPOUND-C-CSE220-08,full_hybrid,True,True,True
COMPOUND-C-CSE220-09,full_hybrid,True,True,True
COMPOUND-C-CSE220-10,full_hybrid,True,True,True
COMPOUND-C-CSE220-11,full_hybrid,False,False,True
COMPOUND-C-CSE220-12,full_hybrid,True,True,True
COMPOUND-C-CSE220-13,full_hybrid,True,True,True
COMPOUND-C-CSE220-14,full_hybrid,True,True,True
COMPOUND-C-CSE220-15,full_hybrid,True,True,True
COMPOUND-C-CSE220-16,full_hybrid,True,True,True
COMPOUND-C-CSE220-17,full_hybrid,False,False,True
COMPOUND-C-CSE220-18,full_hybrid,True,True,True
COMPOUND-C-CSE220-19,full_hybrid,True,True,True
COMPOUND-C-CSE220-20,full_hybrid,True,True,True
COMPOUND-C-CSE221-01,full_hybrid,True,True,True
COMPOUND-C-CSE221-02,full_hybrid,True,True,True
COMPOUND-C-CSE221-03,full_hybrid,True,True,True
COMPOUND-C-CSE221-04,full_hybrid,True,True,True
COMPOUND-C-CSE221-05,full_hybrid,False,False,True
COMPOUND-C-CSE221-06,full_hybrid,True,True,True
COMPOUND-C-CSE221-07,full_hybrid,True,True,True
COMPOUND-C-CSE221-09,full_hybrid,True,True,True
COMPOUND-C-CSE221-10,full_hybrid,True,True,True
COMPOUND-C-CSE221-11,full_hybrid,False,False,True
COMPOUND-C-CSE221-12,full_hybrid,True,True,True
COMPOUND-C-CSE221-13,full_hybrid,True,True,True
COMPOUND-C-CSE221-14,full_hybrid,True,True,True
COMPOUND-C-CSE221-15,full_hybrid,True,True,True
COMPOUND-C-CSE221-16,full_hybrid,True,True,True
COMPOUND-C-CSE221-17,full_hybrid,True,True,True
COMPOUND-C-CSE221-18,full_hybrid,True,True,True
COMPOUND-C-CSE221-19,full_hybrid,True,True,True
COMPOUND-C-CSE250-01A,full_hybrid,True,True,True
COMPOUND-C-CSE250-01B,full_hybrid,True,True,True
COMPOUND-C-CSE250-02A,full_hybrid,True,True,True
COMPOUND-C-CSE250-02B,full_hybrid,True,True,True
COMPOUND-C-CSE250-03A,full_hybrid,True,True,True
COMPOUND-C-CSE250-03B,full_hybrid,True,True,True
COMPOUND-C-CSE250-04A,full_hybrid,True,True,True
COMPOUND-C-CSE250-04B,full_hybrid,True,True,True
COMPOUND-C-CSE250-05A,full_hybrid,False,False,True
COMPOUND-C-CSE250-05B,full_hybrid,False,False,True
COMPOUND-C-CSE250-06A,full_hybrid,False,False,True
COMPOUND-C-CSE250-06B,full_hybrid,False,False,True
COMPOUND-C-CSE250-07A,full_hybrid,True,True,True
COMPOUND-C-CSE250-07B,full_hybrid,True,True,True
COMPOUND-C-CSE250-08A,full_hybrid,False,False,True
COMPOUND-C-CSE250-08B,full_hybrid,False,False,True
COMPOUND-C-CSE250-09A,full_hybrid,False,False,True
COMPOUND-C-CSE250-09B,full_hybrid,False,False,True
COMPOUND-C-CSE250-10A,full_hybrid,True,True,True
COMPOUND-C-CSE250-10B,full_hybrid,True,True,True
COMPOUND-C-CSE251-01A,full_hybrid,True,True,True
COMPOUND-C-CSE251-01B,full_hybrid,True,True,True
COMPOUND-C-CSE251-02A,full_hybrid,True,True,True
COMPOUND-C-CSE251-03A,full_hybrid,True,True,True
COMPOUND-C-CSE251-03B,full_hybrid,True,True,True
COMPOUND-C-CSE251-04A,full_hybrid,True,True,True
COMPOUND-C-CSE251-04B,full_hybrid,True,True,True
COMPOUND-C-CSE251-05A,full_hybrid,True,True,True
COMPOUND-C-CSE251-05B,full_hybrid,False,False,True
COMPOUND-C-CSE251-06A,full_hybrid,False,True,True
COMPOUND-C-CSE251-06B,full_hybrid,False,True,True
COMPOUND-C-CSE251-07A,full_hybrid,True,True,True
COMPOUND-C-CSE251-08A,full_hybrid,False,True,True
COMPOUND-C-CSE251-08B,full_hybrid,False,True,True
COMPOUND-C-CSE251-09A,full_hybrid,True,True,True
COMPOUND-C-CSE251-09B,full_hybrid,True,True,True
COMPOUND-C-CSE260-01A,full_hybrid,True,True,True
COMPOUND-C-CSE260-01B,full_hybrid,True,True,True
COMPOUND-C-CSE260-02A,full_hybrid,True,True,True
COMPOUND-C-CSE260-02B,full_hybrid,True,True,True
COMPOUND-C-CSE260-03A,full_hybrid,False,False,True
COMPOUND-C-CSE260-03B,full_hybrid,True,True,True
COMPOUND-C-CSE260-04A,full_hybrid,True,True,True
COMPOUND-C-CSE260-04B,full_hybrid,True,True,True
COMPOUND-C-CSE260-05A,full_hybrid,False,False,True
COMPOUND-C-CSE260-05B,full_hybrid,False,False,True
COMPOUND-C-CSE260-06A,full_hybrid,False,False,True
COMPOUND-C-CSE260-06B,full_hybrid,False,False,True
COMPOUND-C-CSE260-07A,full_hybrid,True,True,True
COMPOUND-C-CSE260-07B,full_hybrid,True,True,True
COMPOUND-C-CSE260-08A,full_hybrid,False,False,True
COMPOUND-C-CSE260-08B,full_hybrid,False,False,True
COMPOUND-C-CSE260-09A,full_hybrid,False,True,True
COMPOUND-C-CSE260-09B,full_hybrid,False,True,True
COMPOUND-C-CSE260-10A,full_hybrid,True,True,True
COMPOUND-C-CSE260-10B,full_hybrid,True,True,True
COMPOUND-C-CSE260-11A,full_hybrid,False,True,True
COMPOUND-C-CSE260-11B,full_hybrid,False,True,True
COMPOUND-C-CSE260-12A,full_hybrid,True,True,True
COMPOUND-C-CSE260-12B,full_hybrid,True,True,True
COMPOUND-C-CSE260-13A,full_hybrid,False,False,True
COMPOUND-C-CSE260-13B,full_hybrid,False,False,True
COMPOUND-C-CSE260-14A,full_hybrid,True,True,True
COMPOUND-C-CSE260-14B,full_hybrid,True,True,True
COMPOUND-C-CSE260-15A,full_hybrid,False,False,True
COMPOUND-C-CSE260-15B,full_hybrid,False,True,True
COMPOUND-C-CSE260-16A,full_hybrid,False,False,True
COMPOUND-C-CSE260-16B,full_hybrid,True,True,True
COMPOUND-C-CSE260-17A,full_hybrid,False,False,True
COMPOUND-C-CSE260-17B,full_hybrid,False,True,True
COMPOUND-C-CSE260-18A,full_hybrid,False,False,True
COMPOUND-C-CSE260-18B,full_hybrid,False,True,True
COMPOUND-C-CSE260-19A,full_hybrid,False,True,True
COMPOUND-C-CSE260-19B,full_hybrid,False,False,True
COMPOUND-C-CSE260-20A,full_hybrid,True,True,True
COMPOUND-C-CSE260-20B,full_hybrid,True,True,True
COMPOUND-C-CSE260-21A,full_hybrid,True,True,True
COMPOUND-C-CSE260-21B,full_hybrid,True,True,True
COMPOUND-C-CSE260-22A,full_hybrid,True,True,True
COMPOUND-C-CSE260-22B,full_hybrid,True,True,True
COMPOUND-C-CSE321-01,full_hybrid,True,True,True
COMPOUND-C-CSE321-02,full_hybrid,True,True,True
COMPOUND-C-CSE321-03,full_hybrid,True,True,True
COMPOUND-C-CSE321-04,full_hybrid,True,True,True
COMPOUND-C-CSE321-05,full_hybrid,False,True,True
COMPOUND-C-CSE321-06,full_hybrid,False,True,True
COMPOUND-C-CSE321-07,full_hybrid,False,True,True
COMPOUND-C-CSE321-08,full_hybrid,False,False,True
COMPOUND-C-CSE321-09,full_hybrid,False,True,True
COMPOUND-C-CSE321-10,full_hybrid,False,True,True
COMPOUND-C-CSE321-11,full_hybrid,False,True,True
COMPOUND-C-CSE321-12,full_hybrid,False,True,True
COMPOUND-C-CSE321-13,full_hybrid,False,False,True
COMPOUND-C-CSE321-14,full_hybrid,True,True,True
COMPOUND-C-CSE321-15,full_hybrid,False,False,True
COMPOUND-C-CSE321-16,full_hybrid,True,True,True
COMPOUND-C-CSE321-17,full_hybrid,False,False,True
COMPOUND-C-CSE321-18,full_hybrid,True,True,True
COMPOUND-C-CSE321-19,full_hybrid,False,True,True
COMPOUND-C-CSE321-20,full_hybrid,False,True,True
COMPOUND-C-CSE321-21,full_hybrid,True,True,True
COMPOUND-C-CSE321-23,full_hybrid,True,True,True
COMPOUND-C-CSE321-24,full_hybrid,True,True,True
COMPOUND-C-CSE330-01,full_hybrid,True,True,True
COMPOUND-C-CSE330-02,full_hybrid,True,True,True
COMPOUND-C-CSE330-03,full_hybrid,True,True,True
COMPOUND-C-CSE330-04,full_hybrid,True,True,True
COMPOUND-C-CSE330-05,full_hybrid,True,True,True
COMPOUND-C-CSE330-06,full_hybrid,False,True,True
COMPOUND-C-CSE330-07,full_hybrid,True,True,True
COMPOUND-C-CSE330-08,full_hybrid,True,True,True
COMPOUND-C-CSE330-09,full_hybrid,True,True,True
COMPOUND-C-CSE330-10,full_hybrid,True,True,True
COMPOUND-C-CSE330-11,full_hybrid,True,True,True
COMPOUND-C-CSE330-12,full_hybrid,True,True,True
COMPOUND-C-CSE330-13,full_hybrid,True,True,True
COMPOUND-C-CSE330-14,full_hybrid,True,True,True
COMPOUND-C-CSE330-15,full_hybrid,True,True,True
COMPOUND-C-CSE330-16,full_hybrid,True,True,True
COMPOUND-C-CSE330-17,full_hybrid,True,True,True
COMPOUND-C-CSE330-18,full_hybrid,True,True,True
COMPOUND-C-CSE330-19,full_hybrid,True,True,True
COMPOUND-C-CSE331-01,full_hybrid,True,True,True
COMPOUND-C-CSE331-02,full_hybrid,True,True,True
COMPOUND-C-CSE331-03,full_hybrid,True,True,True
COMPOUND-C-CSE331-04,full_hybrid,True,True,True
COMPOUND-C-CSE331-05,full_hybrid,True,True,True
COMPOUND-C-CSE331-06,full_hybrid,False,True,True
COMPOUND-C-CSE331-07,full_hybrid,True,True,True
COMPOUND-C-CSE331-08,full_hybrid,True,True,True
COMPOUND-C-CSE331-09,full_hybrid,True,True,True
COMPOUND-C-CSE331-10,full_hybrid,True,True,True
COMPOUND-C-CSE331-11,full_hybrid,True,True,True
COMPOUND-C-CSE331-12,full_hybrid,True,True,True
COMPOUND-C-CSE331-13,full_hybrid,True,True,True
COMPOUND-C-CSE331-14,full_hybrid,True,True,True
COMPOUND-C-CSE331-15,full_hybrid,True,True,True
COMPOUND-C-CSE331-16,full_hybrid,True,True,True
COMPOUND-C-CSE340-01,full_hybrid,True,True,True
COMPOUND-C-CSE340-02,full_hybrid,True,True,True
COMPOUND-C-CSE340-03,full_hybrid,True,True,True
COMPOUND-C-CSE340-04,full_hybrid,True,True,True
COMPOUND-C-CSE340-05,full_hybrid,True,True,True
COMPOUND-C-CSE340-06,full_hybrid,False,True,True
COMPOUND-C-CSE340-07,full_hybrid,True,True,True
COMPOUND-C-CSE340-08,full_hybrid,True,True,True
COMPOUND-C-CSE340-09,full_hybrid,True,True,True
COMPOUND-C-CSE340-10,full_hybrid,True,True,True
COMPOUND-C-CSE340-11,full_hybrid,False,False,True
COMPOUND-C-CSE340-12,full_hybrid,True,True,True
COMPOUND-C-CSE340-13,full_hybrid,True,True,True
COMPOUND-C-CSE340-14,full_hybrid,True,True,True
COMPOUND-C-CSE340-15,full_hybrid,True,True,True
COMPOUND-C-CSE340-16,full_hybrid,True,True,True
COMPOUND-C-CSE340-17,full_hybrid,True,True,True
COMPOUND-C-CSE340-18,full_hybrid,True,True,True
COMPOUND-C-CSE340-19,full_hybrid,True,True,True
COMPOUND-C-CSE340-20,full_hybrid,True,True,True
COMPOUND-C-CSE340-21,full_hybrid,True,True,True
COMPOUND-C-CSE340-22,full_hybrid,True,True,True
COMPOUND-C-CSE340-23,full_hybrid,True,True,True
COMPOUND-C-CSE340-24,full_hybrid,True,True,True
COMPOUND-C-CSE340-25,full_hybrid,True,True,True
COMPOUND-C-CSE340-26,full_hybrid,True,True,True
COMPOUND-C-CSE341-01,full_hybrid,True,True,True
COMPOUND-C-CSE341-02,full_hybrid,True,True,True
COMPOUND-C-CSE341-03,full_hybrid,True,True,True
COMPOUND-C-CSE341-04,full_hybrid,True,True,True
COMPOUND-C-CSE341-05,full_hybrid,True,True,True
COMPOUND-C-CSE341-06,full_hybrid,False,True,True
COMPOUND-C-CSE341-07,full_hybrid,True,True,True
COMPOUND-C-CSE341-08,full_hybrid,True,True,True
COMPOUND-C-CSE341-09,full_hybrid,True,True,True
COMPOUND-C-CSE341-10,full_hybrid,True,True,True
COMPOUND-C-CSE350-01A,full_hybrid,True,True,True
COMPOUND-C-CSE350-01B,full_hybrid,True,True,True
COMPOUND-C-CSE350-02A,full_hybrid,True,True,True
COMPOUND-C-CSE350-02B,full_hybrid,True,True,True
COMPOUND-C-CSE350-03A,full_hybrid,True,True,True
COMPOUND-C-CSE350-03B,full_hybrid,True,True,True
COMPOUND-C-CSE350-04A,full_hybrid,True,True,True
COMPOUND-C-CSE350-04B,full_hybrid,True,True,True
COMPOUND-C-CSE350-05A,full_hybrid,True,True,True
COMPOUND-C-CSE350-05B,full_hybrid,True,True,True
COMPOUND-C-CSE350-06A,full_hybrid,False,True,True
COMPOUND-C-CSE350-06B,full_hybrid,False,True,True
COMPOUND-C-CSE350-07A,full_hybrid,True,True,True
COMPOUND-C-CSE350-07B,full_hybrid,True,True,True
COMPOUND-C-CSE350-08A,full_hybrid,True,True,True
COMPOUND-C-CSE350-08B,full_hybrid,True,True,True
COMPOUND-C-CSE350-09A,full_hybrid,True,True,True
COMPOUND-C-CSE350-09B,full_hybrid,True,True,True
COMPOUND-C-CSE350-10A,full_hybrid,True,True,True
COMPOUND-C-CSE360-01,full_hybrid,True,True,True
COMPOUND-C-CSE360-03,full_hybrid,True,True,True
COMPOUND-C-CSE360-04,full_hybrid,True,True,True
COMPOUND-C-CSE360-05,full_hybrid,True,True,True
COMPOUND-C-CSE360-06,full_hybrid,True,True,True
COMPOUND-C-CSE360-07,full_hybrid,True,True,True
COMPOUND-C-CSE360-08,full_hybrid,False,True,True
COMPOUND-C-CSE360-09,full_hybrid,False,True,True
COMPOUND-C-CSE360-10,full_hybrid,True,True,True
COMPOUND-C-CSE370-01,full_hybrid,True,True,True
COMPOUND-C-CSE370-02,full_hybrid,True,True,True
COMPOUND-C-CSE370-03,full_hybrid,False,False,True
COMPOUND-C-CSE370-04,full_hybrid,True,True,True
COMPOUND-C-CSE370-05,full_hybrid,False,False,True
COMPOUND-C-CSE370-06,full_hybrid,False,False,True
COMPOUND-C-CSE370-07,full_hybrid,False,False,True
COMPOUND-C-CSE370-08,full_hybrid,False,False,True
COMPOUND-C-CSE370-09,full_hybrid,False,False,True
COMPOUND-C-CSE370-10,full_hybrid,False,False,True
COMPOUND-C-CSE370-11,full_hybrid,False,False,True
COMPOUND-C-CSE370-12,full_hybrid,False,False,True
COMPOUND-C-CSE370-13,full_hybrid,False,False,True
COMPOUND-C-CSE370-14,full_hybrid,True,True,True
COMPOUND-C-CSE370-15,full_hybrid,False,False,True
COMPOUND-C-CSE370-16,full_hybrid,False,False,True
COMPOUND-C-CSE391-01,full_hybrid,True,True,True
COMPOUND-C-CSE420-01,full_hybrid,True,True,True
COMPOUND-C-CSE420-02,full_hybrid,True,True,True
COMPOUND-C-CSE420-03,full_hybrid,True,True,True
COMPOUND-C-CSE420-05,full_hybrid,True,True,True
COMPOUND-C-CSE420-06,full_hybrid,True,True,True
COMPOUND-C-CSE420-07,full_hybrid,True,True,True
COMPOUND-C-CSE420-08,full_hybrid,True,True,True
COMPOUND-C-CSE420-09,full_hybrid,True,True,True
COMPOUND-C-CSE420-10,full_hybrid,True,True,True
COMPOUND-C-CSE420-11,full_hybrid,False,False,True
COMPOUND-C-CSE420-12,full_hybrid,True,True,True
COMPOUND-C-CSE420-13,full_hybrid,True,True,True
COMPOUND-C-CSE420-14,full_hybrid,True,True,True
COMPOUND-C-CSE420-15,full_hybrid,True,True,True
COMPOUND-C-CSE420-16,full_hybrid,True,True,True
COMPOUND-C-CSE420-17,full_hybrid,True,True,True
COMPOUND-C-CSE420-18,full_hybrid,False,True,True
COMPOUND-C-CSE420-19,full_hybrid,True,True,True
COMPOUND-C-CSE420-20,full_hybrid,True,True,True
COMPOUND-C-CSE420-23,full_hybrid,False,True,True
COMPOUND-C-CSE420-24,full_hybrid,True,True,True
COMPOUND-C-CSE420-25,full_hybrid,True,True,True
COMPOUND-C-CSE420-26,full_hybrid,False,True,True
COMPOUND-C-CSE421-01,full_hybrid,True,True,True
COMPOUND-C-CSE421-02,full_hybrid,True,True,True
COMPOUND-C-CSE421-03,full_hybrid,True,True,True
COMPOUND-C-CSE421-04,full_hybrid,True,True,True
COMPOUND-C-CSE421-05,full_hybrid,True,True,True
COMPOUND-C-CSE421-06,full_hybrid,True,True,True
COMPOUND-C-CSE421-07,full_hybrid,True,True,True
COMPOUND-C-CSE421-08,full_hybrid,True,True,True
COMPOUND-C-CSE421-09,full_hybrid,True,True,True
COMPOUND-C-CSE421-10,full_hybrid,True,True,True
COMPOUND-C-CSE421-11,full_hybrid,True,True,True
COMPOUND-C-CSE421-12,full_hybrid,True,True,True
COMPOUND-C-CSE421-13,full_hybrid,True,True,True
COMPOUND-C-CSE421-14,full_hybrid,True,True,True
COMPOUND-C-CSE421-15,full_hybrid,True,True,True
COMPOUND-C-CSE421-16,full_hybrid,True,True,True
COMPOUND-C-CSE421-17,full_hybrid,True,True,True
COMPOUND-C-CSE421-18,full_hybrid,True,True,True
COMPOUND-C-CSE421-19,full_hybrid,True,True,True
COMPOUND-C-CSE421-20,full_hybrid,True,True,True
COMPOUND-C-CSE421-21,full_hybrid,True,True,True
COMPOUND-C-CSE421-22,full_hybrid,True,True,True
COMPOUND-C-CSE421-23,full_hybrid,True,True,True
COMPOUND-C-CSE421-24,full_hybrid,True,True,True
COMPOUND-C-CSE421-25,full_hybrid,True,True,True
COMPOUND-C-CSE421-26,full_hybrid,True,True,True
COMPOUND-C-CSE421-27,full_hybrid,True,True,True
COMPOUND-C-CSE421-28,full_hybrid,True,True,True
COMPOUND-C-CSE422-01,full_hybrid,True,True,True
COMPOUND-C-CSE422-02,full_hybrid,True,True,True
COMPOUND-C-CSE422-03,full_hybrid,True,True,True
COMPOUND-C-CSE422-04,full_hybrid,True,True,True
COMPOUND-C-CSE422-05,full_hybrid,True,True,True
COMPOUND-C-CSE422-06,full_hybrid,True,True,True
COMPOUND-C-CSE422-07,full_hybrid,True,True,True
COMPOUND-C-CSE422-08,full_hybrid,True,True,True
COMPOUND-C-CSE422-09,full_hybrid,True,True,True
COMPOUND-C-CSE422-10,full_hybrid,True,True,True
COMPOUND-C-CSE422-11,full_hybrid,True,True,True
COMPOUND-C-CSE422-12,full_hybrid,True,True,True
COMPOUND-C-CSE422-13,full_hybrid,True,True,True
COMPOUND-C-CSE422-14,full_hybrid,True,True,True
COMPOUND-C-CSE422-15,full_hybrid,True,True,True
COMPOUND-C-CSE422-16,full_hybrid,True,True,True
COMPOUND-C-CSE422-17,full_hybrid,True,True,True
COMPOUND-C-CSE422-18,full_hybrid,True,True,True
COMPOUND-C-CSE422-19,full_hybrid,True,True,True
COMPOUND-C-CSE422-20,full_hybrid,True,True,True
COMPOUND-C-CSE423-01,full_hybrid,True,True,True
COMPOUND-C-CSE423-02,full_hybrid,True,True,True
COMPOUND-C-CSE423-03,full_hybrid,True,True,True
COMPOUND-C-CSE423-04,full_hybrid,True,True,True
COMPOUND-C-CSE423-05,full_hybrid,True,True,True
COMPOUND-C-CSE423-06,full_hybrid,True,True,True
COMPOUND-C-CSE423-07,full_hybrid,True,True,True
COMPOUND-C-CSE423-08,full_hybrid,True,True,True
COMPOUND-C-CSE423-09,full_hybrid,True,True,True
COMPOUND-C-CSE423-10,full_hybrid,True,True,True
COMPOUND-C-CSE423-11,full_hybrid,True,True,True
COMPOUND-C-CSE423-12,full_hybrid,True,True,True
COMPOUND-C-CSE423-13,full_hybrid,True,True,True
COMPOUND-C-CSE423-14,full_hybrid,True,True,True
COMPOUND-C-CSE423-15,full_hybrid,True,True,True
COMPOUND-C-CSE423-16,full_hybrid,True,True,True
COMPOUND-C-CSE423-17,full_hybrid,True,True,True
COMPOUND-C-CSE423-18,full_hybrid,True,True,True
COMPOUND-C-CSE423-19,full_hybrid,True,True,True
COMPOUND-C-CSE423-20,full_hybrid,True,True,True
COMPOUND-C-CSE423-21,full_hybrid,True,True,True
COMPOUND-C-CSE423-22,full_hybrid,True,True,True
COMPOUND-C-CSE423-23,full_hybrid,True,True,True
COMPOUND-C-CSE423-24,full_hybrid,True,True,True
COMPOUND-C-CSE460-01,full_hybrid,True,True,True
COMPOUND-C-CSE460-02,full_hybrid,True,True,True
COMPOUND-C-CSE460-03,full_hybrid,True,True,True
COMPOUND-C-CSE460-04,full_hybrid,True,True,True
COMPOUND-C-CSE460-05,full_hybrid,True,True,True
COMPOUND-C-CSE460-06,full_hybrid,True,True,True
COMPOUND-C-CSE460-07,full_hybrid,True,True,True
COMPOUND-C-CSE460-08,full_hybrid,True,True,True
COMPOUND-C-CSE460-09,full_hybrid,True,True,True
COMPOUND-C-CSE460-10,full_hybrid,True,True,True
COMPOUND-C-CSE460-11,full_hybrid,True,True,True
COMPOUND-C-CSE460-12,full_hybrid,True,True,True
COMPOUND-C-CSE461-01,full_hybrid,True,True,True
COMPOUND-C-CSE461-02,full_hybrid,True,True,True
COMPOUND-C-CSE461-03,full_hybrid,True,True,True
COMPOUND-C-CSE461-04,full_hybrid,True,True,True
COMPOUND-C-CSE461-05,full_hybrid,True,True,True
COMPOUND-C-CSE461-06,full_hybrid,True,True,True
COMPOUND-C-CSE461-07,full_hybrid,True,True,True
COMPOUND-C-CSE461-08,full_hybrid,True,True,True
COMPOUND-C-CSE461-09,full_hybrid,True,True,True
COMPOUND-C-CSE470-01,full_hybrid,True,True,True
COMPOUND-C-CSE470-02,full_hybrid,True,True,True
COMPOUND-C-CSE470-03,full_hybrid,True,True,True
COMPOUND-C-CSE470-04,full_hybrid,True,True,True
COMPOUND-C-CSE470-05,full_hybrid,True,True,True
COMPOUND-C-CSE470-06,full_hybrid,True,True,True
COMPOUND-C-CSE470-07,full_hybrid,True,True,True
COMPOUND-C-CSE470-08,full_hybrid,True,True,True
COMPOUND-C-CSE470-09,full_hybrid,True,True,True
COMPOUND-C-CSE470-10,full_hybrid,True,True,True
COMPOUND-C-CSE470-11,full_hybrid,False,False,True
COMPOUND-C-CSE470-12,full_hybrid,False,False,True
COMPOUND-C-CSE470-13,full_hybrid,True,True,True
COMPOUND-C-CSE470-15,full_hybrid,True,True,True
COMPOUND-C-CSE470-16,full_hybrid,True,True,True
COMPOUND-C-CSE470-18,full_hybrid,True,True,True
COMPOUND-C-CSE470-19,full_hybrid,True,True,True
COMPOUND-C-CSE471-01,full_hybrid,True,True,True
COMPOUND-C-CSE471-02,full_hybrid,True,True,True
COMPOUND-C-CSE471-03,full_hybrid,True,True,True
COMPOUND-C-CSE471-04,full_hybrid,True,True,True
COMPOUND-C-CSE471-07,full_hybrid,True,True,True
COMPOUND-C-CSE471-08,full_hybrid,True,True,True
COMPOUND-C-CSE471-09,full_hybrid,True,True,True
COMPOUND-C-CSE471-10,full_hybrid,True,True,True
COMPOUND-C-CSE471-11,full_hybrid,True,True,True
COMPOUND-C-CSE471-14,full_hybrid,True,True,True
COMPOUND-C-CSE471-15,full_hybrid,True,True,True
COMPOUND-C-CSE489-01,full_hybrid,True,True,True
