query_id,config,query,reference_answer,retrieved_context,generated_answer,abstained
Q084,adaptive_novel_bge_v2m3,"Just wondering, what types of general education courses are required for all undergraduate students at BRAC University?","Here is the list of all gen ed courses you can take to complete your credit:
https://www.bracu.ac.bd/academics/institutes-and-schools/school-general-education/streams-and-courses. But all the courses won't be available at every semester so please check USIS to make sure your prefered courses are available or not.","Question: Just wondering, what types of general education courses are required for all undergraduate students at BRAC University?
Answer: Here is the list of all gen ed courses you can take to complete your credit:
https://www.bracu.ac.bd/academics/institutes-and-schools/school-general-education/streams-and-courses. But all the courses won't be available at every semester so please check USIS to make sure your prefered courses are available or not.

Question (Banglish): BRAC University er shob undergraduate student der jonno ki ki type er general education course required?
Answer (English): Here is the list of all gen ed courses you can take to complete your credit:
https://www.bracu.ac.bd/academics/institutes-and-schools/school-general-education/streams-and-courses. But all the courses won't be available at every semester so please check USIS to make sure your prefered courses are available or not.

Question (Banglish): BRAC e School of General Education (SGE) kon dhoroner core courses coordinate kore?
Answer (English): The School of General Education coordinates university-wide core and foundation courses required across all undergraduate degree programs.

Question (Banglish): Protita student ke General Education (GenEd) course er koto credit-hour complete korte hoy?
Answer (English): Every undergraduate student, regardless of major, must complete 42 credit-hours (14 courses) of General Education courses, generally within the first two years of study, spanning Humanities, Social Sciences, Law, Mathematics, Sciences, Technology and Architecture.

Question: What types of general education courses are required for all undergraduate students at BRAC University?
Answer: Here is the list of all gen ed courses you can take to complete your credit:
https://www.bracu.ac.bd/academics/institutes-and-schools/school-general-education/streams-and-courses. But all the courses won't be available at every semester so please check USIS to make sure your prefered courses are available or not.","Every undergraduate student, regardless of major, must complete 42 credit-hours (14 courses) of General Education courses, generally within the first two years of study, spanning Humanities, Social Sciences, Law, Mathematics, Sciences, Technology and Architecture.",False
Q054,adaptive_novel_bge_v2m3,What does the Counseling and Wellness Centre at BRAC University offer?,"The Counseling and Wellness Centre is a dedicated student-life office providing psychological and wellbeing support to students, separate from the psychosocial counselling available specifically at the Residential Campus.","Question: What does the Counseling and Wellness Centre at BRAC University offer?
Answer: The Counseling and Wellness Centre is a dedicated student-life office providing psychological and wellbeing support to students, separate from the psychosocial counselling available specifically at the Residential Campus.

Question (Banglish): BRAC e Counseling and Wellness Centre kon dhoroner mental health support dey?
Answer (English): The Counseling and Wellness Centre provides confidential individual counseling, stress management sessions, and mental health awareness workshops for students.

Question (Banglish): BRAC e counseling service ache?
Answer (English): Yes. BRAC University has a Counseling and Wellness Centre that provides counseling and psychotherapy support to students to promote their mental well-being.

Question (Banglish): BRAC e Counseling and Wellness Centre-er service access korar pricing koto?
Answer (English): The Counseling and Wellness Centre provides professional psychotherapy and mental health support services completely free of charge to all enrolled students, faculty, and staff.

Question (Banglish): BRAC University er Counseling and Wellness Centre ki offer kore?
Answer (English): The Counseling and Wellness Centre is a dedicated student-life office providing psychological and wellbeing support to students, separate from the psychosocial counselling available specifically at the Residential Campus.","The Counseling and Wellness Centre at BRAC University offers confidential individual counseling, stress management sessions, mental health awareness workshops, professional psychotherapy, and completely free of charge psychological and wellbeing support to students.",False
Q071,adaptive_novel_bge_v2m3,"I'm an international student on the BRAC Scholarship with a 3.1 CGPA, but I need to retake a course I failed. Will my scholarship cover the retake fee?","No - tuition fee waivers and scholarships, including the BRAC Scholarship, are not applied to retake or repeat courses; you'd need to pay for the retake yourself. Separately, since you failed a course, you also won't be considered for the tuition fee waiver for the following two semesters even on your other coursework, regardless of your CGPA being above the 3.0 minimum.","Question: I'm an international student on the BRAC Scholarship with a 3.1 CGPA, but I need to retake a course I failed. Will my scholarship cover the retake fee?
Answer: No - tuition fee waivers and scholarships, including the BRAC Scholarship, are not applied to retake or repeat courses; you'd need to pay for the retake yourself. Separately, since you failed a course, you also won't be considered for the tuition fee waiver for the following two semesters even on your other coursework, regardless of your CGPA being above the 3.0 minimum.

Question: I'm on the Merit Scholarship and I failed one course this semester. Does that affect my scholarship the same way it would affect an international student's BRAC Scholarship?
Answer: Not necessarily the same way - the rules differ by scholarship. For the international BRAC Scholarship, failing a course makes you ineligible for the tuition fee waiver for the next two semesters. The Merit Scholarship (based on BRACU academic results) is instead tied to maintaining a specific CGPA each semester to keep the award active going forward - so a single failed course's impact would show up through its effect on your CGPA meeting that semester's required threshold, rather than through an automatic two-semester penalty like the BRAC Scholarship's rule.

Question: This might be a silly question, but does a tuition fee waiver cover retaken or repeated courses for international students?
Answer: No. Tuition fee waivers and scholarships are not applied to retake or repeat subjects - the student must pay for those separately at their own cost.

Question: Kind of urgent, but does a tuition fee waiver cover retaken or repeated courses for international students?
Answer: No. Tuition fee waivers and scholarships are not applied to retake or repeat subjects - the student must pay for those separately at their own cost.

Question (Banglish): International student der retake ba repeat kora course e ki tuition fee waiver cover kore?
Answer (English): No. Tuition fee waivers and scholarships are not applied to retake or repeat subjects - the student must pay for those separately at their own cost.","No - tuition fee waivers and scholarships, including the BRAC Scholarship, are not applied to retake or repeat courses; you'd need to pay for the retake yourself. Separately, since you failed a course, you also won't be considered for the tuition fee waiver for the following two semesters even on your other coursework, regardless of your CGPA being above the 3.0 minimum.",False
Q046,adaptive_novel_bge_v2m3,What sports teams does the university have?,"BRAC University Football Club, BRAC University Chess Club, BRAC University Cricket Club, and BRAC University Indoor Games Club.","Question: What sports teams does the university have?
Answer: BRAC University Football Club, BRAC University Chess Club, BRAC University Cricket Club, and BRAC University Indoor Games Club.

Question: I looked around the site but couldn't find it — what sports teams does the university have?
Answer: BRAC University Football Club, BRAC University Chess Club, BRAC University Cricket Club, and BRAC University Indoor Games Club.

Question (Banglish): University te ki ki sports team ache?
Answer (English): BRAC University Football Club, BRAC University Chess Club, BRAC University Cricket Club, and BRAC University Indoor Games Club.

Question: Does BRAC University have any costs associated with joining clubs or sports teams?
Answer: No there no costs associated with joining clubs or sports teams.

Question: New student here, what sports teams does the university have?
Answer: BRAC University Football Club, BRAC University Chess Club, BRAC University Cricket Club, and BRAC University Indoor Games Club.","The university has BRAC University Football Club, BRAC University Chess Club, BRAC University Cricket Club, and BRAC University Indoor Games Club.",False
Q045,adaptive_novel_bge_v2m3,"My advisor is not responding, what to do?","Please wait, your advisor is maybe busy with other students response. You can request other advisors for your advising but he will only add it but he will not approve it. So, it is wise to get request done by the advisor.","Question: My advisor is not responding, what to do?
Answer: Please wait, your advisor is maybe busy with other students response. You can request other advisors for your advising but he will only add it but he will not approve it. So, it is wise to get request done by the advisor.

Question (Banglish): Amar advisor response korche na, ki korbo?
Answer (English): Please wait, your advisor is maybe busy with other students response. You can request other advisors for your advising but he will only add it but he will not approve it. So, it is wise to get request done by the advisor.

Question: What steps do I need to follow to contact with my advisor during advising?
Answer: You should contact your advisor in his desired channel for advising. You can use wait queue to connect in voice with him. Then he/she will bring you in the main channel or will join you win the wait queue. It is not the right thing to Direct message him or email him. Because it is not in the procedure of advising. During on campus advising, you can easily meet him in person whenever he/she is in his office.

Question: I have not been advised to a advisor yet, what to do?
Answer: If you haven't been assigned an advisor yet, contact your department's DCO (Departmental Coordination Officer) - for CSE, current DCO contact details are published via the department's official advising channel or notice board, since DCO assignments can change between semesters. If the DCOs don't respond, escalate to your department's advising coordinator.

Question: My advisor is not on campus, what to do?
Answer: Please request on Discord on your advisor's channel or try requesting other advisor. But he can reject you easily because it is not his duty as you are not assigned to him in the advising session. So, please ask your advisor on the Discord channel or request other advisor if they are willing to help.","Please wait, your advisor is maybe busy with other students' response. You can request other advisors for your advising but he will only add it but he will not approve it. So, it is wise to get the request done by the advisor.",False
Q040,adaptive_novel_bge_v2m3,Can you tell me what the deadline to change the thesis title before the final defense is?,The deadline to change a thesis title before the final defense varies by semester - check the current semester's thesis deadline sheet for the exact date.,"Question: Can you tell me what the deadline to change the thesis title before the final defense is?
Answer: The deadline to change a thesis title before the final defense varies by semester - check the current semester's thesis deadline sheet for the exact date.

Question (Banglish): Final defense er age thesis title change korar deadline ta kobe?
Answer (English): The deadline to change a thesis title before the final defense varies by semester - check the current semester's thesis deadline sheet for the exact date.

Question: Can you tell me what the current deadlines for thesis submission and defense are?
Answer: Thesis submission and defense deadlines are set fresh each semester by the CSE Thesis Committee and shared with enrolled thesis students via a deadline sheet. Check with your thesis coordinator or department for the current semester's exact dates, since these change every term.

Question: My thesis defense got postponed due to a cyclone, and separately I want to change my thesis title before the (new) defense date. Are both of these OK?
Answer: Both are handled, but through different mechanisms - a defense postponed for an external/valid reason like a cyclone is simply rescheduled, no penalty. Changing your thesis title before the (rescheduled) final defense is also possible, but the deadline for that varies by semester, so you'd want to check the current thesis deadline sheet to make sure your title-change request still falls within whatever window applies to your now-rescheduled defense date.

Question: What is the deadline to change the thesis title before the final defense?
Answer: The deadline to change a thesis title before the final defense varies by semester - check the current semester's thesis deadline sheet for the exact date.",The deadline to change a thesis title before the final defense varies by semester - check the current semester's thesis deadline sheet for the exact date.,False
Q023,adaptive_novel_bge_v2m3,I'm an EEE student minoring in Physics. Do I need to separately meet the Physics minor's prerequisites even though I'm not a Physics major?,"Yes - BRACU's Minor in Physics has its own defined set of required courses and prerequisites, separate from your EEE major requirements, open to students from other departments as long as they meet those specific prerequisites. Being an EEE major doesn't automatically satisfy the Physics minor's course requirements; you'd need to check and fulfill them independently.","Question: I'm an EEE student minoring in Physics. Do I need to separately meet the Physics minor's prerequisites even though I'm not a Physics major?
Answer: Yes - BRACU's Minor in Physics has its own defined set of required courses and prerequisites, separate from your EEE major requirements, open to students from other departments as long as they meet those specific prerequisites. Being an EEE major doesn't automatically satisfy the Physics minor's course requirements; you'd need to check and fulfill them independently.

Question: Can students minor in Physics, Mathematics, Biotechnology, or Microbiology even if it's not their major?
Answer: Yes, BRAC University offers formal Minor programs in Physics, Mathematics, Biotechnology, and Microbiology, each with a specific set of required courses, open to students from other majors who meet the prerequisites.

Question (Banglish): Major department na hole o student ra ki EEE te minor korte pare?
Answer (English): Yes, BRAC University offers a Minor in EEE with its own defined set of required courses and prerequisites (such as Electrical Circuits I & II and Electronic Circuits I & II), open to students from other departments who meet the prerequisites.

Question: Can students minor in EEE if it's not their major department?
Answer: Yes, BRAC University offers a Minor in EEE with its own defined set of required courses and prerequisites (such as Electrical Circuits I & II and Electronic Circuits I & II), open to students from other departments who meet the prerequisites.

Question: New student here, can students minor in Physics, Mathematics, Biotechnology, or Microbiology even if it's not their major?
Answer: Yes, BRAC University offers formal Minor programs in Physics, Mathematics, Biotechnology, and Microbiology, each with a specific set of required courses, open to students from other majors who meet the prerequisites.","Yes - BRACU's Minor in Physics has its own defined set of required courses and prerequisites, separate from your EEE major requirements, open to students from other departments as long as they meet those specific prerequisites. Being an EEE major doesn't automatically satisfy the Physics minor's course requirements; you'd need to check and fulfill them independently.",False
Q081,adaptive_novel_bge_v2m3,What is BRAC Scholarship?,"BRAC Scholarship is for economically disadvantaged students.

Eligibility criteria and other requirements:

1. Parents’ monthly income - not more than Tk. 20,000. 

2. Students must have a GPA of 4.50 (without 4th subject) in SSC and HSC from Science, Arts & Commerce Group.","Question (Banglish): BRAC University je Scholarship/Financial aid dey, segula ki ki type er?
Answer (English): 1. Scholarship Based on Previous Academic Results 

2. Merit Scholarship based on BracU Academic Results 

3. Scholarship Based on Brac University Admission Test Result

4. Sibling Scholarship

5. Spouse Scholarship

6. BRAC Scholarship

7. Physically Challenged Students

8. Children of Freedom Fighter

9. Debater's Blue Scholarship

10. Children of BracU Regular Confirmed Employee

For detailed information: https://www.bracu.ac.bd/admission/scholarships-financial-aid

Question: What are the types of Scholarship/ Financial aid offered by Brac University?
Answer: 1. Scholarship Based on Previous Academic Results 

2. Merit Scholarship based on BracU Academic Results 

3. Scholarship Based on Brac University Admission Test Result

4. Sibling Scholarship

5. Spouse Scholarship

6. BRAC Scholarship

7. Physically Challenged Students

8. Children of Freedom Fighter

9. Debater’s Blue Scholarship

10. Children of BracU Regular Confirmed Employee

For detailed information: https://www.bracu.ac.bd/admission/scholarships-financial-aid

Question: Which Scholarships are available for International Students?
Answer: Merit Scholarship Based on BracU Academic Results and BRAC Scholarship (A Needs Based Scholarship) are available for the International students.

Question: Can you tell me what the types of Scholarship/ Financial aid offered by Brac University are?
Answer: 1. Scholarship Based on Previous Academic Results 

2. Merit Scholarship based on BracU Academic Results 

3. Scholarship Based on Brac University Admission Test Result

4. Sibling Scholarship

5. Spouse Scholarship

6. BRAC Scholarship

7. Physically Challenged Students

8. Children of Freedom Fighter

9. Debater’s Blue Scholarship

10. Children of BracU Regular Confirmed Employee

For detailed information: https://www.bracu.ac.bd/admission/scholarships-financial-aid

Question (Banglish): International Student der jonno kon kon Scholarship ache?
Answer (English): Merit Scholarship Based on BracU Academic Results and BRAC Scholarship (A Needs Based Scholarship) are available for the International students.",I don't have reliable information retrieved for this question. Please check with your academic advisor or BRAC University's official resources rather than relying on a guess here.,True
Q011,adaptive_novel_bge_v2m3,"Does BRAC University have a digital student ID card, or only a physical one?","Yes, BRAC University introduced a digital ID card in 2017, generated through the BRACU Mobile App (accessible via the app's 'ID Card' menu option). Both the physical and digital ID have been usable, and students are advised to keep the app updated to generate their digital card.","Question: Does BRAC University have a digital student ID card, or only a physical one?
Answer: Yes, BRAC University introduced a digital ID card in 2017, generated through the BRACU Mobile App (accessible via the app's 'ID Card' menu option). Both the physical and digital ID have been usable, and students are advised to keep the app updated to generate their digital card.

Question (Banglish): ID card chara student ra ki transport service use korte pare?
Answer (English): No, students must present a valid BRAC University ID card.

Question: Can students without an ID card use the transport service?
Answer: No, students must present a valid BRAC University ID card.

Question (Banglish): BRAC e student ID card kokhon pawa jay?
Answer (English): New students receive information about collecting their student ID card after completing the required admission and registration formalities.

Question (Banglish): BRAC University er ki digital student ID card ache, naki shudhu physical ta?
Answer (English): Yes, BRAC University introduced a digital ID card in 2017, generated through the BRACU Mobile App (accessible via the app's 'ID Card' menu option). Both the physical and digital ID have been usable, and students are advised to keep the app updated to generate their digital card.","BRAC University has both a physical and a digital student ID card. The digital ID card was introduced in 2017 through the BRACU Mobile App, which can be accessed via the app's 'ID Card' menu option.",False
Q001,adaptive_novel_bge_v2m3,How are meal plans managed at TARC?,"Tarc provides 3 main meals breakfast,lunch and dinner and two snack time followed by them.Breakfast time continues from 7-9 am, lunch time continues from 12:30-3 pm,dinner continues from 8:30-10 pm followed by snacks time which are from 11-12 am and 4-5 pm colleectively","Question: How are meal plans managed at TARC?
Answer: Tarc provides 3 main meals breakfast,lunch and dinner and two snack time followed by them.Breakfast time continues from 7-9 am, lunch time continues from 12:30-3 pm,dinner continues from 8:30-10 pm followed by snacks time which are from 11-12 am and 4-5 pm colleectively

Question: Sorry if this was already answered, but how are meal plans managed at TARC?
Answer: Tarc provides 3 main meals breakfast,lunch and dinner and two snack time followed by them.Breakfast time continues from 7-9 am, lunch time continues from 12:30-3 pm,dinner continues from 8:30-10 pm followed by snacks time which are from 11-12 am and 4-5 pm colleectively

Question (Banglish): BRAC e Savar Residential Campus (TARC)-e dining hall meal system fixed schedule follow kore?
Answer (English): Yes, residential students follow fixed meal time windows for breakfast, lunch, afternoon snacks, and dinner provided at the central dining hall.

Question (Banglish): TARC e meal plan kivabe manage kora hoy?
Answer (English): Tarc provides 3 main meals breakfast,lunch and dinner and two snack time followed by them.Breakfast time continues from 7-9 am, lunch time continues from 12:30-3 pm,dinner continues from 8:30-10 pm followed by snacks time which are from 11-12 am and 4-5 pm colleectively

Question: Before I forget to ask — how are meal plans managed at TARC?
Answer: Tarc provides 3 main meals breakfast,lunch and dinner and two snack time followed by them.Breakfast time continues from 7-9 am, lunch time continues from 12:30-3 pm,dinner continues from 8:30-10 pm followed by snacks time which are from 11-12 am and 4-5 pm colleectively","Meal plans at TARC are managed with a fixed schedule, providing three main meals (breakfast, lunch, and dinner) and two snack times that follow each other. Breakfast time is from 7-9 am, lunch time is from 12:30-3 pm, dinner time is from 8:30-10 pm, followed by snacks from 11-12 am and 4-5 pm collectively.",False
Q019,adaptive_novel_bge_v2m3,How are students informed about changes to the transport service?,Students are informed through official BRAC University notices and announcements.,"Question: How are students informed about changes to the transport service?
Answer: Students are informed through official BRAC University notices and announcements.

Question: How can students report a problem with the transport service?
Answer: Students can report issues by calling the designated route-specific numbers or reaching out to transport officers.

Question (Banglish): Student ra ki transport service niye feedback dite pare?
Answer (English): Yes, students can share feedback via BRAC University's official transport service email or hotline.

Question: How can students contact the transport service?
Answer: Students can contact the transport service via designated phone numbers.

Question (Banglish): Transport service e change hole student der kivabe janano hoy?
Answer (English): Students are informed through official BRAC University notices and announcements.",Students are informed through official BRAC University notices and announcements.,False
Q031,adaptive_novel_bge_v2m3,"New student here, could you please provide details about the tuition fee structure at BRAC University?","For students enrolled in the Computer Science and Engineering (CSE) program at BRAC University, the tuition fee structure includes a one-time, non-refundable admission fee of BDT 30,800. Each course within the CSE program costs BDT 22,500. Additionally, students are required to pay a semester fee of BDT 11,500, which covers various facilities such as IT services and library access. There is also a one-time library membership fee of BDT 2,500. This fee structure is designed to support the comprehensive education provided in the CSE program, ensuring access to advanced resources and facilities?","Question: New student here, could you please provide details about the tuition fee structure at BRAC University?
Answer: For students enrolled in the Computer Science and Engineering (CSE) program at BRAC University, the tuition fee structure includes a one-time, non-refundable admission fee of BDT 30,800. Each course within the CSE program costs BDT 22,500. Additionally, students are required to pay a semester fee of BDT 11,500, which covers various facilities such as IT services and library access. There is also a one-time library membership fee of BDT 2,500. This fee structure is designed to support the comprehensive education provided in the CSE program, ensuring access to advanced resources and facilities?

Question (Banglish): BRAC University er tuition fee structure ta ektu bolben please?
Answer (English): For students enrolled in the Computer Science and Engineering (CSE) program at BRAC University, the tuition fee structure includes a one-time, non-refundable admission fee of BDT 30,800. Each course within the CSE program costs BDT 22,500. Additionally, students are required to pay a semester fee of BDT 11,500, which covers various facilities such as IT services and library access. There is also a one-time library membership fee of BDT 2,500. This fee structure is designed to support the comprehensive education provided in the CSE program, ensuring access to advanced resources and facilities

Question (Banglish): BRAC e tuition fee structure kothay dekhte parbo?
Answer (English): The latest tuition fees, admission fees, and other applicable charges are published on the official BRAC University Tuition and Other Fees webpage.

Question: Not sure if this is covered elsewhere, but what's the tuition fee at North South University?
Answer: That's outside what I can help with - I only have information about BRAC University. North South University's own website would have their current fee structure.

Question: Could you please provide details about the tuition fee structure at BRAC University?
Answer: For students enrolled in the Computer Science and Engineering (CSE) program at BRAC University, the tuition fee structure includes a one-time, non-refundable admission fee of BDT 30,800. Each course within the CSE program costs BDT 22,500. Additionally, students are required to pay a semester fee of BDT 11,500, which covers various facilities such as IT services and library access. There is also a one-time library membership fee of BDT 2,500. This fee structure is designed to support the comprehensive education provided in the CSE program, ensuring access to advanced resources and facilities?","For students enrolled in the Computer Science and Engineering (CSE) program at BRAC University, the tuition fee structure includes a one-time, non-refundable admission fee of BDT 30,800. Each course within the CSE program costs BDT 22,500. Additionally, students are required to pay a semester fee of BDT 11,500, which covers various facilities such as IT services and library access. There is also a one-time library membership fee of BDT 2,500. This fee structure is designed to support the comprehensive education provided in the CSE program, ensuring access to advanced resources and facilities?",False
Q074,adaptive_novel_bge_v2m3,What is the first outbound timing for Route-02 (Mirpur-A)?,Route-02 (Mirpur-A): First trip departs at 2:05 PM.,"Question: What is the first outbound timing for Route-02 (Mirpur-A)?
Answer: Route-02 (Mirpur-A): First trip departs at 2:05 PM.

Question (Banglish): Route-02 (Mirpur-A) er first outbound timing ta ki?
Answer (English): Route-02 (Mirpur-A): First trip departs at 2:05 PM.

Question: What is the second outbound timing for Route-02 (Mirpur-A)?
Answer: Route-02 (Mirpur-A): Second trip departs at 5:10 PM.

Question (Banglish): Route-02 (Mirpur-B) er first outbound timing ta ki?
Answer (English): Route-02 (Mirpur-B): First trip departs at 2:05 PM.

Question: What is the first outbound timing for Route-02 (Mirpur-B)?
Answer: Route-02 (Mirpur-B): First trip departs at 2:05 PM.",The first outbound timing for Route 02 (Mirpur A) is 2:05 PM.,False
Q034,adaptive_novel_bge_v2m3,Can you tell me what 'Freshman Enrollment and Class Sign' at BRAC University is?,"This is the official process new/incoming ('freshman') students go through after being admitted, to confirm their enrollment and get registered into their first semester's classes; details and instructions are published on the Admissions section of the university website.","Question: Can you tell me what 'Freshman Enrollment and Class Sign' at BRAC University is?
Answer: This is the official process new/incoming ('freshman') students go through after being admitted, to confirm their enrollment and get registered into their first semester's classes; details and instructions are published on the Admissions section of the university website.

Question (Banglish): BRAC University er 'Freshman Enrollment and Class Sign' ta ki?
Answer (English): This is the official process new/incoming ('freshman') students go through after being admitted, to confirm their enrollment and get registered into their first semester's classes; details and instructions are published on the Admissions section of the university website.

Question (Banglish): BRAC e enrollment certificate e ki ki information thake?
Answer (English): An enrollment certificate typically confirms a student's enrollment status and may include information such as the student's name, ID, program, and enrollment period, depending on the purpose of the certificate.

Question (Banglish): BRAC e Freshman, Sophomore, Junior ar Senior classification kivabe hoy?
Answer (English): BRAC University classifies undergraduate students based on earned credits: Freshman (0–30), Sophomore (31–60), Junior (61–90), Senior (91–140), and Advanced Senior (140+ credits).

Question: What is 'Freshman Enrollment and Class Sign' at BRAC University?
Answer: This is the official process new/incoming ('freshman') students go through after being admitted, to confirm their enrollment and get registered into their first semester's classes; details and instructions are published on the Admissions section of the university website.","This is the official process new/incoming ('freshman') students go through after being admitted, to confirm their enrollment and get registered into their first semester's classes; details and instructions are published on the Admissions section of the university website.",False
Q091,adaptive_novel_bge_v2m3,One thing I couldn't find anywhere: can I renew a book I have borrowed from the library?,"Yes, an item can be renewed if no other user has placed a hold on it. Renewal can be done through the online catalogue (OPAC) or by contacting the circulation desk.","Question: One thing I couldn't find anywhere: can I renew a book I have borrowed from the library?
Answer: Yes, an item can be renewed if no other user has placed a hold on it. Renewal can be done through the online catalogue (OPAC) or by contacting the circulation desk.

Question: Sorry if this was already answered, but can I renew a book I have borrowed from the library?
Answer: Yes, an item can be renewed if no other user has placed a hold on it. Renewal can be done through the online catalogue (OPAC) or by contacting the circulation desk.

Question: Am I allowed to renew a book I have borrowed from the library?
Answer: Yes, an item can be renewed if no other user has placed a hold on it. Renewal can be done through the online catalogue (OPAC) or by contacting the circulation desk.

Question: Can I renew a book I have borrowed from the library?
Answer: Yes, an item can be renewed if no other user has placed a hold on it. Renewal can be done through the online catalogue (OPAC) or by contacting the circulation desk.

Question: No idea if this is written down anywhere — can I renew a book I have borrowed from the library?
Answer: Yes, an item can be renewed if no other user has placed a hold on it. Renewal can be done through the online catalogue (OPAC) or by contacting the circulation desk.","Yes, an item can be renewed if no other user has placed a hold on it. Renewal can be done through the online catalogue (OPAC) or by contacting the circulation desk.",False
Q005,adaptive_novel_bge_v2m3,Before I forget to ask — what should students do if they have a scheduling conflict with their exams?,"The first step is to inform the course instructor about the conflict as soon as possible. If the conflict involves multiple exams or cannot be resolved with the instructor, students should consult their department office. The department can provide additional support or coordinate with other instructors to find a solution.","Question: Before I forget to ask — what should students do if they have a scheduling conflict with their exams?
Answer: The first step is to inform the course instructor about the conflict as soon as possible. If the conflict involves multiple exams or cannot be resolved with the instructor, students should consult their department office. The department can provide additional support or coordinate with other instructors to find a solution.

Question: What should students do if they have a scheduling conflict with their exams?
Answer: The first step is to inform the course instructor about the conflict as soon as possible. If the conflict involves multiple exams or cannot be resolved with the instructor, students should consult their department office. The department can provide additional support or coordinate with other instructors to find a solution.

Question (Banglish): BRAC e Midterm ba Final Exam conflict hoye gele student er ki koronio?
Answer (English): If a student faces an exam time conflict (two exams scheduled at the same time), they must inform their respective course instructors and the Department Office at least one week prior to the exam to arrange a rescheduled test.

Question (Banglish): Exam er scheduling e conflict thakle student der ki korte hoy?
Answer (English): The first step is to inform the course instructor about the conflict as soon as possible. If the conflict involves multiple exams or cannot be resolved with the instructor, students should consult their department office. The department can provide additional support or coordinate with other instructors to find a solution.

Question: Random question, what should students do if they have a scheduling conflict with their exams?
Answer: The first step is to inform the course instructor about the conflict as soon as possible. If the conflict involves multiple exams or cannot be resolved with the instructor, students should consult their department office. The department can provide additional support or coordinate with other instructors to find a solution.","The first step is to inform the course instructor about the conflict as soon as possible. If the conflict involves multiple exams or cannot be resolved with the instructor, students should consult their department office. The department can provide additional support or coordinate with other instructors to find a solution.",False
Q077,adaptive_novel_bge_v2m3,Consequence of not confirming advising during the Self-Registration period?,All selected courses will be automatically cancelled,"Question: Consequence of not confirming advising during the Self-Registration period?
Answer: All selected courses will be automatically cancelled

Question: Just wondering, what happens if a student fails to confirm the Wishlist on time?
Answer: Student will not be considered a participant and cannot register in Pre-Registration Phase 1

Question: I wanted to ask, result of confirming advising in Summer 2025?
Answer: Advising will be confirmed and necessary fees will be automatically applied.

Question: What happens if a student fails to confirm the Wishlist on time?
Answer: Student will not be considered a participant and cannot register in Pre-Registration Phase 1

Question (Banglish): Self-Registration period e advising confirm na korle ki consequence hoy?
Answer (English): All selected courses will be automatically cancelled",,False
Q078,adaptive_novel_bge_v2m3,"Not sure if this is covered elsewhere, but how early should students arrive at the exam hall?",Students should aim to arrive at the exam hall at least 15 to 30 minutes before the scheduled start time of their exam.,"Question: Not sure if this is covered elsewhere, but how early should students arrive at the exam hall?
Answer: Students should aim to arrive at the exam hall at least 15 to 30 minutes before the scheduled start time of their exam.

Question: How early should students arrive at the exam hall?
Answer: Students should aim to arrive at the exam hall at least 15 to 30 minutes before the scheduled start time of their exam.

Question: Not sure if this is covered elsewhere, but how soon are make-up exams scheduled after the original exam date?
Answer: Students unable to appear in the final exams may sit for the final makeup exams on the dates decided by the department/school which be within 4 weeks of the following semester.

Question (Banglish): Exam hall e student der koto age ashte hobe?
Answer (English): Students should aim to arrive at the exam hall at least 15 to 30 minutes before the scheduled start time of their exam.

Question: Curious about something: how early should students arrive at the exam hall?
Answer: Students should aim to arrive at the exam hall at least 15 to 30 minutes before the scheduled start time of their exam.",Students should aim to arrive at the exam hall at least 15 to 30 minutes before the scheduled start time of their exam.,False
Q013,adaptive_novel_bge_v2m3,"Random question, what should I do if I miss my mid/final?","You should inform your course instructor as soon as possible with a valid reason (such as medical emergencies). In some cases, you may need to provide documentation like medical certificates to appeal.","Question: Random question, what should I do if I miss my mid/final?
Answer: You should inform your course instructor as soon as possible with a valid reason (such as medical emergencies). In some cases, you may need to provide documentation like medical certificates to appeal.

Question (Banglish): Mid/final miss korle ki korbo?
Answer (English): You should inform your course instructor as soon as possible with a valid reason (such as medical emergencies). In some cases, you may need to provide documentation like medical certificates to appeal.

Question: Random question, what should a student do if he misses a deadline of something?
Answer: Students should contact with their respective department co coordinators (DCOs).

Question: Random question, what should a course teacher do if a student misses the final exam for a valid reason?
Answer: If a student misses the final exam for a documented valid reason (such as a medical emergency), the course teacher can arrange a make-up exam, and if course requirements genuinely can't be completed in time, an 'Incomplete' (I) grade with a defined completion deadline (up to 8 weeks after the final exam) may be assigned instead.

Question: What should I do if I miss my mid/final?
Answer: You should inform your course instructor as soon as possible with a valid reason (such as medical emergencies). In some cases, you may need to provide documentation like medical certificates to appeal.","You should inform your course instructor as soon as possible with a valid reason (such as medical emergencies). In some cases, you may need to provide documentation like medical certificates to appeal.",False
Q032,adaptive_novel_bge_v2m3,From where does the bus leave on campus?,The bus leave campus from the Basement-1,"Question: From where does the bus leave on campus?
Answer: The bus leave campus from the Basement-1

Question (Banglish): Bus dhorar shesh shomoy ta ki?
Answer (English): Last Outbound Timing (drop off) from Basement 01:
BRAC University to Abdullahpur: Route No-01(5:10 PM)
BRAC University to Mirpur-A: Route No-02(5:15 PM)
BRAC University to Mirpur-B: Route No-02(5:10 PM)
BRAC University to Jigatola: Route No-03(5:10 PM)
BRAC University to Azimpur: Route No-04(2:10 PM)
BRAC University to Jatrabari: Route No-05(5:15 PM)
BRAC University to Baldha Garden: Route No-06(5:15 PM)
BRAC University to Mohammadpur: Route No-07(5:10 PM)
BRAC University to Narayanganj: Route No-08(5:15 PM ) 
BRAC University to Bashundhara: Route No-09(5:10 PM)

Question: Where can i get the bus tickets from?
Answer: Fare needs to be paid in cash to service attendants inside the buses.

Question: What is the last time to catch a bus?
Answer: Last Outbound Timing (drop off) from Basement 01:
BRAC University to Abdullahpur: Route No-01(5:10 PM)
BRAC University to Mirpur-A: Route No-02(5:15 PM)
BRAC University to Mirpur-B: Route No-02(5:10 PM)
BRAC University to Jigatola: Route No-03(5:10 PM)
BRAC University to Azimpur: Route No-04(2:10 PM)
BRAC University to Jatrabari: Route No-05(5:15 PM)
BRAC University to Baldha Garden: Route No-06(5:15 PM)
BRAC University to Mohammadpur: Route No-07(5:10 PM)
BRAC University to Narayanganj: Route No-08(5:15 PM ) 
BRAC University to Bashundhara: Route No-09(5:10 PM)

Question (Banglish): Campus e bus kothay theke chare?
Answer (English): The bus leave campus from the Basement-1",The bus leaves campus from the Basement-1.,False
Q184,adaptive_novel_bge_v2m3,What is Atonu Roy Chowdhury's email?,Atonu Roy Chowdhury's email is atonuroy.chowdhury@bracu.ac.bd.,"Initial: NARC
Name: Atonu Roy Chowdhury
Designation: Lecturer
Status: Full Time
Room: 4P192
Email: atonuroy.chowdhury@bracu.ac.bd

Initial: NARC
Name: Atonu Roy Chowdhury
Day: Thursday
Scheduled commitments (classes/labs/breaks, not availability): 12:30 PM - Consultation; 2:00 PM - CSE330-18 07D-20C; 3:30 PM - CSE330-19 07D-20C

Initial: ART
Name: Atanu Roy
Designation: Lecturer
Status: Full Time
Room: 4M126
Email: atanu.roy@bracu.ac.bd

Initial: NARC
Name: Atonu Roy Chowdhury
Day: Saturday
Scheduled commitments (classes/labs/breaks, not availability): 8:00 AM - CSE221-05 (LAB) NARC,FBAW 09B-08L; 11:00 AM - CSE221-13 (LAB) NARC,NMMR 09B-10L; 2:00 PM - CSE330-18 07D-20C; 3:30 PM - CSE330-19 07D-20C

Initial: NARC
Name: Atonu Roy Chowdhury
Day: Wednesday
Scheduled commitments (classes/labs/breaks, not availability): 12:30 PM - Consultation; 2:00 PM - CSE330-10 (LAB) NFMK,NARC 09F-26L",Atonu Roy Chowdhury's email is atonuroy.chowdhury@bracu.ac.bd.,False
Q154,adaptive_novel_bge_v2m3,What day and time is the theory class for CSE370-16?,The theory class for CSE370-16 is on SAT+THU at 9:30 AM in room 10B-17C.,"Course: CSE370-16
Theory Initial: MZG
Theory Day: SAT+THU
Theory Time: 9:30 AM
Theory Room: 10B-17C
Lab Faculty: RBR,KZMN
Lab Day: TUE
Lab Time: 2:00 PM
Lab Room: 12F-31L

Initial: KZMN
Name: Kazi Kamruzzaman Rabbi
Day: Tuesday
Scheduled commitments (classes/labs/breaks, not availability): 11:00 AM - CSE471-04 09A-05C; 2:00 PM - CSE370-16 (LAB) RBR,KZMN 12F-31L; 3:30 PM - CSE370-16 (LAB) RBR,KZMN 12F-31L

Course: CSE370-09
Theory Initial: NZU
Theory Day: SUN+TUE
Theory Time: 9:30 AM
Theory Room: 10B-17C
Lab Faculty: ATY,SHRR
Lab Day: THU
Lab Time: 11:00 AM
Lab Room: 12F-31L

Course: CSE370-08
Theory Initial: FEK
Theory Day: MON+WED
Theory Time: 9:30 AM
Theory Room: 09D-17C
Lab Faculty: MAHS,MAU
Lab Day: TUE
Lab Time: 8:00 AM
Lab Room: 12F-30L

Course: CSE470-16
Theory Initial: ART
Theory Day: SUN+TUE
Theory Time: 12:30 PM
Theory Room: 07D-19C","The theory class for CSE370-16 is held on Saturday (SAT) and Thursday (THU), at 9:30 AM.",False
Q171,adaptive_novel_bge_v2m3,Who teaches the lab section of CSE221-19?,"The lab section of CSE221-19 is taught by ARD,ANV.","Course: CSE221-19
Theory Initial: IBA
Theory Day: SUN+TUE
Theory Time: 2:00 PM
Theory Room: 09H-33C
Lab Faculty: ARD,ANV
Lab Day: SAT
Lab Time: 11:00 AM
Lab Room: 09E-22L

Initial: ANV
Name: Md. Anonto Shuvo
Day: Saturday
Scheduled commitments (classes/labs/breaks, not availability): 8:00 AM - CSE221-12 (LAB) NRHB,ANV 09B-10L; 9:30 AM - CSE221-12 (LAB) NRHB,ANV 09B-10L; 11:00 AM - CSE221-19 (LAB) ARD,ANV 09E-22L; 12:30 PM - CSE221-19 (LAB) ARD,ANV 09E-22L; 2:00 PM - CSE221-11 (LAB) ANV,CSYR 09B-09L; 3:30 PM - CSE221-11 (LAB) ANV,CSYR 09B-09L

Initial: IRZA
Name: Md. Irtiza Hossain
Day: Thursday
Scheduled commitments (classes/labs/breaks, not availability): 8:00 AM - CSE221-18 10B-17C; 9:30 AM - CSE220-19 09D-17C

Initial: IRZA
Name: Md. Irtiza Hossain
Day: Saturday
Scheduled commitments (classes/labs/breaks, not availability): 8:00 AM - CSE221-18 10B-17C; 9:30 AM - CSE220-19 09D-17C

Initial: ARD
Name: Mr. Ayman Rasheed
Day: Saturday
Scheduled commitments (classes/labs/breaks, not availability): 8:00 AM - CSE221-15 (LAB) MZW,ARD 09E-22L; 9:30 AM - CSE221-15 (LAB) MZW,ARD 09E-22L; 11:00 AM - CSE221-19 (LAB) ARD,ANV 09E-22L; 12:30 PM - CSE221-19 (LAB) ARD,ANV 09E-22L",The lab section of CSE221-19 is taught by both Mr. Ayman Rasheed and Md. Anonto Shuvo.,False
Q146,adaptive_novel_bge_v2m3,Who is the theory coordinator for CSE461?,The theory coordinator for CSE461 is KHR.,"Course: CSE461
First Theory Coordinator: KHR
Theory Coordinator Email: khalilur@bracu.ac.bd
First Lab Coordinator: RDW
Second Lab Coordinator: RFF
Lab Coordinator Email: redowanul.akbar@bracu.ac.bd,rafid.ahnaf@bracu.ac.bd

Course: CSE423
First Theory Coordinator: TMD
Second Theory Coordinator: SMUR
Theory Coordinator Email: tamkin.mahmud@bracu.ac.bd,rahman.samiur@bracu.ac.bd
First Lab Coordinator: SRU
Lab Coordinator Email: shakir.rouf@bracu.ac.bd

Course: CSE250
First Theory Coordinator: SDS
Second Theory Coordinator: PDS
Theory Coordinator Email: shadman.shahriar@bracu.ac.bd,purbayan.das@bracu.ac.bd
First Lab Coordinator: SDQ
Second Lab Coordinator: FFR
Lab Coordinator Email: saiful.bari@bracu.ac.bd,md.fatin@bracu.ac.bd

Course: CSE424
First Theory Coordinator: AAR
Theory Coordinator Email: annajiat@bracu.ac.bd
First Lab Coordinator: AAR
Lab Coordinator Email: annajiat@bracu.ac.bd

Course: CSE350
First Theory Coordinator: ZAZ
Second Theory Coordinator: TSE
Theory Coordinator Email: ihzaz.sadik@bracu.ac.bd,tasneem.mazhar@bracu.ac.bd
First Lab Coordinator: TSE
Lab Coordinator Email: tasneem.mazhar@bracu.ac.bd",The first Theory Coordinator for CSE461 is KHR.,False
Q145,adaptive_novel_bge_v2m3,What is the coordinator email for CSE446?,The coordinator email for CSE446 is sadek.ferdous@bracu.ac.bd.,"Course: CSE446
First Theory Coordinator: SDF
Theory Coordinator Email: sadek.ferdous@bracu.ac.bd
First Lab Coordinator: SJM
Second Lab Coordinator: SDF
Lab Coordinator Email: ext.sajid.mahir@bracu.ac.bd,sadek.ferdous@bracu.ac.bd

Course: CSE419
First Theory Coordinator: KKP
Theory Coordinator Email: kabbya.kantam@bracu.ac.bd
First Lab Coordinator: ARD
Lab Coordinator Email: ayman.rasheed@bracu.ac.bd

Course: CSE430
First Theory Coordinator: EHQ
Theory Coordinator Email: ehtashamul.haque@bracu.ac.bd
First Lab Coordinator: TAV
Lab Coordinator Email: tarvir.anjum@bracu.ac.bd

Course: CSE422
First Theory Coordinator: TRZ
Theory Coordinator Email: tanzim.reza@bracu.ac.bd
First Lab Coordinator: ZHS
Lab Coordinator Email: shoumo.hasan@bracu.ac.bd

Course: CSE424
First Theory Coordinator: AAR
Theory Coordinator Email: annajiat@bracu.ac.bd
First Lab Coordinator: AAR
Lab Coordinator Email: annajiat@bracu.ac.bd","The theory coordinator email for CSE446 is sadek.ferdous@bracu.ac.bd, and the lab coordinator emails are ext.sajid.mahir@bracu.ac.bd and sadek.ferdous@bracu.ac.bd.",False
Q140,adaptive_novel_bge_v2m3,Who is the theory coordinator for CSE330?,The theory coordinator for CSE330 is AMK. The second theory coordinator is AQU.,"Course: CSE330
First Theory Coordinator: AMK
Second Theory Coordinator: AQU
Theory Coordinator Email: abu.khan@bracu.ac.bd,aquib.azmain@bracu.ac.bd
First Lab Coordinator: NNTN
Second Lab Coordinator: ALB
Lab Coordinator Email: naima.tahsin@bracu.ac.bd,anindita.labonno@bracu.ac.bd

Course: CSE321
First Theory Coordinator: BDH
Second Theory Coordinator: SZD
Theory Coordinator Email: badrul.hossain@bracu.ac.bd,shazid.mahbub@bracu.ac.bd
First Lab Coordinator: BDH
Lab Coordinator Email: badrul.hossain@bracu.ac.bd

Course: CSE250
First Theory Coordinator: SDS
Second Theory Coordinator: PDS
Theory Coordinator Email: shadman.shahriar@bracu.ac.bd,purbayan.das@bracu.ac.bd
First Lab Coordinator: SDQ
Second Lab Coordinator: FFR
Lab Coordinator Email: saiful.bari@bracu.ac.bd,md.fatin@bracu.ac.bd

Course: CSE350
First Theory Coordinator: ZAZ
Second Theory Coordinator: TSE
Theory Coordinator Email: ihzaz.sadik@bracu.ac.bd,tasneem.mazhar@bracu.ac.bd
First Lab Coordinator: TSE
Lab Coordinator Email: tasneem.mazhar@bracu.ac.bd

Course: CSE230
First Theory Coordinator: AVB
Second Theory Coordinator: FIC
Theory Coordinator Email: avinandan@bracu.ac.bd,fatiha.ishrar@bracu.ac.bd","The first and second theory coordinators for CSE330 are AMK and AQU, respectively.",False
Q123,adaptive_novel_bge_v2m3,What are the prerequisites for CSE430?,The prerequisite for CSE430 is MAT120 (HP).,"Course: CSE430
Prerequisite: MAT120 (HP)
Full Prerequisite Chain: MAT120-MAT110

Question: What are the prerequisites for the Cse program?
Answer: Candidates applying for EEE, ECE, CSE, APE and Physics:HSC/ Equivalent(“B” grade in Physics & Mathematics),A-levels: “C” grade in Physics & Mathematics

Course: CSE430
First Theory Coordinator: EHQ
Theory Coordinator Email: ehtashamul.haque@bracu.ac.bd
First Lab Coordinator: TAV
Lab Coordinator Email: tarvir.anjum@bracu.ac.bd

Question: Curious about something: what prerequisites must be completed before the thesis defense?
Answer: Pre-Thesis I and Pre-Thesis II.

Question: Can you tell me what the prerequisites for the Cse program are?
Answer: Candidates applying for EEE, ECE, CSE, APE and Physics:HSC/ Equivalent(“B” grade in Physics & Mathematics),A-levels: “C” grade in Physics & Mathematics",The prerequisite for CSE430 is MAT120 (HP) with a full prerequisite chain of MAT120-MAT110.,False
Q181,adaptive_novel_bge_v2m3,Which room is Anika Tasnim in?,Anika Tasnim is in room 4F.,"Initial: ANT
Name: Anika Tasnim
Designation: C. Lecturer
Status: Contractual
Room: 4F
Email: ext.anika.tasnim@bracu.ac.bd

Initial: UPM
Name: Tasnim Sobhan Upoma
Designation: Lecturer
Status: Full Time
Room: 4N141
Email: tasnim.upoma@bracu.ac.bd

Initial: TNMF
Name: Ms. Tasnim Ferdous
Designation: Senior Lecturer
Status: Full Time
Room: 4K73
Email: tasnim.ferdous@bracu.ac.bd

Initial: TAP
Name: Ms. Tasnim Ahsan Prome
Designation: Lecturer
Status: Full Time
Room: 4K83
Email: tasnim.ahsan@bracu.ac.bd

Initial: CAKM
Name: ANIKA ISLAM
Designation: C. Lecturer
Status: Contractual
Room: 4F
Email: ext.anika.islam@bracu.ac.bd",Anika Tasnim's room is 4F.,False
Q111,adaptive_novel_bge_v2m3,What are the prerequisites for CSE420?,"The prerequisite for CSE420 is CSE321 (HP),CSE331 (HP),CSE340 (HP).","Course: CSE420
Prerequisite: CSE321 (HP),CSE331 (HP),CSE340 (HP)
Full Prerequisite Chain: CSE321-CSE331-CSE340-CSE221-CSE220-CSE111-CSE110

Initial: NLAM
Name: Namirul Islam
Day: Saturday
Scheduled commitments (classes/labs/breaks, not availability): 11:00 AM - CSE420-19 10B-13C; 12:30 PM - CSE420-20 10B-13C; 2:00 PM - CSE420-16 (LAB) RKBR,NLAM 12F-32L,CSE420-23 (LAB) RKBR,NLAM 12F-32L; 3:30 PM - CSE420-16 (LAB) RKBR,NLAM 12F-32L,CSE420-23 (LAB) RKBR,NLAM 12F-32L

Initial: NFMK
Name: Md. Saif Mokarrom
Day: Thursday
Scheduled commitments (classes/labs/breaks, not availability): 11:00 AM - CSE420-05 (LAB) NFMK,AKHD 09E-22L,CSE420-06 (LAB) NFMK,AKHD 09E-22L; 12:30 PM - CSE420-05 (LAB) NFMK,AKHD 09E-22L,CSE420-06 (LAB) NFMK,AKHD 09E-22L; 2:00 PM - CSE420-14 09B-12C; 3:30 PM - CSE420-15 09B-12C

Initial: NLAM
Name: Namirul Islam
Day: Monday
Scheduled commitments (classes/labs/breaks, not availability): 8:00 AM - CSE420-08 (LAB) RDS,NLAM 12F-32L,CSE420-17 (LAB) RDS,NLAM 12F-32L; 9:30 AM - CSE420-08 (LAB) RDS,NLAM 12F-32L,CSE420-17 (LAB) RDS,NLAM 12F-32L; 11:00 AM - CSE420-20 (LAB) SZD,NLAM 12F-32L; 12:30 PM - CSE420-20 (LAB) SZD,NLAM 12F-32L; 2:00 PM - CSE420-24 (LAB) NLAM,SMDS 12F-32L; 3:30 PM - CSE420-24 (LAB) NLAM,SMDS 12F-32L

Initial: AKHD
Name: Abdullah Khondoker
Day: Thursday
Scheduled commitments (classes/labs/breaks, not availability): 9:30 AM - CSE420-26 09A-04C; 11:00 AM - CSE420-05 (LAB) NFMK,AKHD 09E-22L,CSE420-06 (LAB) NFMK,AKHD 09E-22L; 12:30 PM - CSE420-05 (LAB) NFMK,AKHD 09E-22L,CSE420-06 (LAB) NFMK,AKHD 09E-22L; 2:00 PM - CSE420-24 09H-34C","The prerequisites for CSE420 are CSE321 (HP), CSE331 (HP), and CSE340 (HP).",False
Q101,adaptive_novel_bge_v2m3,What are the prerequisites for CSE423?,The prerequisite for CSE423 is MAT216 (HP).,"Course: CSE423
Prerequisite: MAT216 (HP)
Full Prerequisite Chain: MAT216-MAT120-MAT110

Initial: MAHS
Name: Md Arif Hasan
Day: Wednesday
Scheduled commitments (classes/labs/breaks, not availability): 11:00 AM - CSE423-01 (LAB) SOSB,MAHS 12D-27L,CSE423-24 (LAB) SOSB,MAHS 12D-27L; 12:30 PM - CSE423-01 (LAB) SOSB,MAHS 12D-27L,CSE423-24 (LAB) SOSB,MAHS 12D-27L; 2:00 PM - CSE423-02 (LAB) MAHS,ZLNM 10E-27L,CSE423-05 (LAB) MAHS,ZLNM 10E-27L; 3:30 PM - CSE423-02 (LAB) MAHS,ZLNM 10E-27L,CSE423-05 (LAB) MAHS,ZLNM 10E-27L

Initial: SOSB
Name: Soumya Swagata Biswas
Day: Monday
Scheduled commitments (classes/labs/breaks, not availability): 8:00 AM - CSE423-15 09B-12C; 9:30 AM - CSE470-13 09B-12C; 11:00 AM - CSE423-20 (LAB) SOSB,FARS 12D-27L,CSE423-21 (LAB) SOSB,FARS 12D-27L; 12:30 PM - CSE423-20 (LAB) SOSB,FARS 12D-27L,CSE423-21 (LAB) SOSB,FARS 12D-27L

Initial: ZLNM
Name: Md. Zulkar Naim
Day: Tuesday
Scheduled commitments (classes/labs/breaks, not availability): 9:30 AM - CSE423-10 09H-33C; 2:00 PM - CSE423-15 (LAB) ZLNM,SRU 12D-27L,CSE423-16 (LAB) ZLNM,SRU 12D-27L; 3:30 PM - CSE423-15 (LAB) ZLNM,SRU 12D-27L,CSE423-16 (LAB) ZLNM,SRU 12D-27L

Initial: FARS
Name: Ahmad Farhan Shahriar Chowdhury
Day: Monday
Scheduled commitments (classes/labs/breaks, not availability): 8:00 AM - CSE423-11 10B-17C; 9:30 AM - CSE423-12 10B-17C; 11:00 AM - CSE423-20 (LAB) SOSB,FARS 12D-27L,CSE423-21 (LAB) SOSB,FARS 12D-27L; 12:30 PM - CSE423-20 (LAB) SOSB,FARS 12D-27L,CSE423-21 (LAB) SOSB,FARS 12D-27L; 2:00 PM - CSE423-18 (LAB) ANKH,FARS 12D-27L,CSE423-19 (LAB) ANKH,FARS 12D-27L; 3:30 PM - CSE423-18 (LAB) ANKH,FARS 12D-27L,CSE423-19 (LAB) ANKH,FARS 12D-27L",The full prerequisite chain for CSE423 is MAT216-MAT120-MAT110.,False
Q119,adaptive_novel_bge_v2m3,What are the prerequisites for CSE392?,The prerequisite for CSE392 is MAT215 (HP).,"Course: CSE392
Prerequisite: MAT215 (HP)

Question: Can you tell me what the prerequisites for the Cse program are?
Answer: Candidates applying for EEE, ECE, CSE, APE and Physics:HSC/ Equivalent(“B” grade in Physics & Mathematics),A-levels: “C” grade in Physics & Mathematics

Question: Curious about something: what prerequisites must be completed before the thesis defense?
Answer: Pre-Thesis I and Pre-Thesis II.

Question: What prerequisites must be completed before the thesis defense?
Answer: Pre-Thesis I and Pre-Thesis II.

Question: What are the prerequisites for the Cse program?
Answer: Candidates applying for EEE, ECE, CSE, APE and Physics:HSC/ Equivalent(“B” grade in Physics & Mathematics),A-levels: “C” grade in Physics & Mathematics",The prerequisite for CSE392 is MAT215 (HP).,False
Q131,adaptive_novel_bge_v2m3,Who is the theory coordinator for CSE490D?,The theory coordinator for CSE490D is TAV.,"Course: CSE490D
First Theory Coordinator: TAV
Theory Coordinator Email: tarvir.anjum@bracu.ac.bd

Course: CSE350
First Theory Coordinator: ZAZ
Second Theory Coordinator: TSE
Theory Coordinator Email: ihzaz.sadik@bracu.ac.bd,tasneem.mazhar@bracu.ac.bd
First Lab Coordinator: TSE
Lab Coordinator Email: tasneem.mazhar@bracu.ac.bd

Course: CSE424
First Theory Coordinator: AAR
Theory Coordinator Email: annajiat@bracu.ac.bd
First Lab Coordinator: AAR
Lab Coordinator Email: annajiat@bracu.ac.bd

Course: CSE423
First Theory Coordinator: TMD
Second Theory Coordinator: SMUR
Theory Coordinator Email: tamkin.mahmud@bracu.ac.bd,rahman.samiur@bracu.ac.bd
First Lab Coordinator: SRU
Lab Coordinator Email: shakir.rouf@bracu.ac.bd

Course: CSE321
First Theory Coordinator: BDH
Second Theory Coordinator: SZD
Theory Coordinator Email: badrul.hossain@bracu.ac.bd,shazid.mahbub@bracu.ac.bd
First Lab Coordinator: BDH
Lab Coordinator Email: badrul.hossain@bracu.ac.bd",The first Theory Coordinator for CSE490D is TAV.,False
Q174,adaptive_novel_bge_v2m3,Who teaches the lab section of CSE427-05?,"The lab section of CSE427-05 is taught by QUZA,ITTSC.","Course: CSE427-05
Theory Initial: QUZA
Theory Day: SUN+TUE
Theory Time: 9:30 AM
Theory Room: 09C-13C
Lab Faculty: QUZA,ITTSC
Lab Day: MON
Lab Time: 11:00 AM
Lab Room: 09F-27L

Initial: ITTSC
Name: Ittehad Saleh Chowdhury
Day: Monday
Scheduled commitments (classes/labs/breaks, not availability): 8:00 AM - CSE422-08 (LAB) ASRF,ITTSC 09B-11L; 9:30 AM - CSE422-08 (LAB) ASRF,ITTSC 09B-11L; 11:00 AM - CSE427-05 (LAB) QUZA,ITTSC 09F-27L; 12:30 PM - CSE427-05 (LAB) QUZA,ITTSC 09F-27L; 2:00 PM - CSE422-20 07H-26C

Initial: QUZA
Name: Quazi Ashikur Rahman
Day: Tuesday
Scheduled commitments (classes/labs/breaks, not availability): 9:30 AM - CSE427-05 09C-13C; 11:00 AM - CSE230-07 09D-18C; 12:30 PM - Consultation; 2:00 PM - CSE427-06 09C-13C

Initial: ADU
Name: Mr. Ahmed Mahir Ruhan
Day: Sunday
Scheduled commitments (classes/labs/breaks, not availability): 9:30 AM - Consultation by Appointment; 11:00 AM - CSE111-05 09H-35C; 12:30 PM - CSE111-06 09H-35C; 2:00 PM - CSE427-01 (LAB) DFD,ADU 09F-27L; 3:30 PM - CSE427-01 (LAB) DFD,ADU 09F-27L

Initial: QUZA
Name: Quazi Ashikur Rahman
Day: Monday
Scheduled commitments (classes/labs/breaks, not availability): 9:30 AM - Consultation by Appointment; 11:00 AM - CSE427-05 (LAB) QUZA,ITTSC 09F-27L; 12:30 PM - CSE427-05 (LAB) QUZA,ITTSC 09F-27L; 2:00 PM - CSE230-09 09B-12C",The instructors for the lab section of CSE427-05 are Quazi Ashikur Rahman and Ittehad Saleh Chowdhury.,False
Q134,adaptive_novel_bge_v2m3,Who is the theory coordinator for CSE426?,The theory coordinator for CSE426 is TSM.,"Course: CSE426
First Theory Coordinator: TSM
Theory Coordinator Email: mirza.mugdho@bracu.ac.bd

Course: CSE321
First Theory Coordinator: BDH
Second Theory Coordinator: SZD
Theory Coordinator Email: badrul.hossain@bracu.ac.bd,shazid.mahbub@bracu.ac.bd
First Lab Coordinator: BDH
Lab Coordinator Email: badrul.hossain@bracu.ac.bd

Course: CSE423
First Theory Coordinator: TMD
Second Theory Coordinator: SMUR
Theory Coordinator Email: tamkin.mahmud@bracu.ac.bd,rahman.samiur@bracu.ac.bd
First Lab Coordinator: SRU
Lab Coordinator Email: shakir.rouf@bracu.ac.bd

Course: CSE350
First Theory Coordinator: ZAZ
Second Theory Coordinator: TSE
Theory Coordinator Email: ihzaz.sadik@bracu.ac.bd,tasneem.mazhar@bracu.ac.bd
First Lab Coordinator: TSE
Lab Coordinator Email: tasneem.mazhar@bracu.ac.bd

Course: CSE424
First Theory Coordinator: AAR
Theory Coordinator Email: annajiat@bracu.ac.bd
First Lab Coordinator: AAR
Lab Coordinator Email: annajiat@bracu.ac.bd",The first theory coordinator for CSE426 is TSM.,False
Q191,adaptive_novel_bge_v2m3,What is FDZ's designation?,Fardin Zaman (FDZ) is a C. Lecturer.,"Initial: FDZ
Name: Fardin Zaman
Designation: C. Lecturer
Status: Contractual
Room: 4F
Email: ext.fardin.zaman@bracu.ac.bd

Initial: FDZ
Name: Fardin Zaman
Day: Sunday
Scheduled commitments (classes/labs/breaks, not availability): 8:00 AM - CSE260-22A (LAB) FDZ,SMDS FT10-03L; 9:30 AM - CSE260-22A (LAB) FDZ,SMDS FT10-03L

Initial: SMDS
Name: Soumitra Das
Day: Sunday
Scheduled commitments (classes/labs/breaks, not availability): 8:00 AM - CSE260-22A (LAB) FDZ,SMDS FT10-03L; 9:30 AM - CSE260-22A (LAB) FDZ,SMDS FT10-03L; 11:00 AM - CSE260-08B (LAB) CMHQ,SMDS FT10-04L; 12:30 PM - CSE260-08B (LAB) CMHQ,SMDS FT10-04L; 2:00 PM - Consultation; 3:30 PM - Consultation

Initial: FDZ
Name: Fardin Zaman
Day: Wednesday
Scheduled commitments (classes/labs/breaks, not availability): 8:00 AM - CSE260-03A (LAB) FDZ,NRT FT10-03L; 9:30 AM - CSE260-03A (LAB) FDZ,NRT FT10-03L

Initial: FDZ
Name: Fardin Zaman
Day: Saturday
Scheduled commitments (classes/labs/breaks, not availability): 8:00 AM - CSE422-20 (LAB) RRH,FDZ 09E-21L; 9:30 AM - CSE422-20 (LAB) RRH,FDZ 09E-21L; 11:00 AM - CSE423-03 (LAB) MVH,FDZ 12D-27L,CSE423-04 (LAB) MVH,FDZ 12D-27L; 12:30 PM - CSE423-03 (LAB) MVH,FDZ 12D-27L,CSE423-04 (LAB) MVH,FDZ 12D-27L",Fardin Zaman's designation is C. Lecturer.,False
Q105,adaptive_novel_bge_v2m3,What is the full prerequisite chain for PHY112?,The full prerequisite chain for PHY112 is PHY111.,"Verified prerequisite chain for PHY112 (nearest prerequisite first, from the Prerequisites knowledge base): PHY111.

Course: CSE251
Prerequisite: CSE250 (HP)
Full Prerequisite Chain: CSE250

Course: CSE260
Prerequisite: CSE251 (HP)
Full Prerequisite Chain: CSE251-CSE250

Course: CSE350
Prerequisite: CSE251 (HP)
Full Prerequisite Chain: CSE251-CSE250

Course: ENG103
Prerequisite: ENG102 (HP)
Full Prerequisite Chain: ENG102

Course: PHY112
Prerequisite: PHY111 (HP)
Full Prerequisite Chain: PHY111",The full prerequisite chain for PHY112 is PHY111.,False
Q177,adaptive_novel_bge_v2m3,Who teaches the lab section of CSE471-15?,"The lab section of CSE471-15 is taught by PLN,ART.","Course: CSE471-15
Theory Initial: NAHC
Theory Day: SAT+THU
Theory Time: 11:00 AM
Theory Room: 09D-18C
Lab Faculty: PLN,ART
Lab Day: TUE
Lab Time: 2:00 PM
Lab Room: 09F-25L

Initial: PLN
Name: Pollock Nag
Day: Tuesday
Scheduled commitments (classes/labs/breaks, not availability): 11:00 AM - CSE422-12 (LAB) SWG,PLN 09B-10L; 12:30 PM - CSE422-12 (LAB) SWG,PLN 09B-10L; 2:00 PM - CSE471-15 (LAB) PLN,ART 09F-25L; 3:30 PM - CSE471-15 (LAB) PLN,ART 09F-25L

Initial: NAHC
Name: Asif Hasan Chowdhury
Day: Thursday
Scheduled commitments (classes/labs/breaks, not availability): 11:00 AM - CSE471-15 09D-18C; 12:30 PM - CSE470-06 09D-18C; 2:00 PM - CSE370-06 (LAB) ATY,NAHC 12F-31L; 3:30 PM - CSE370-06 (LAB) ATY,NAHC 12F-31L

Initial: NAHC
Name: Asif Hasan Chowdhury
Day: Saturday
Scheduled commitments (classes/labs/breaks, not availability): 8:00 AM - CSE471-09 (LAB) NAHC,KZMN 09F-25L; 9:30 AM - CSE471-09 (LAB) NAHC,KZMN 09F-25L; 11:00 AM - CSE471-15 09D-18C; 12:30 PM - CSE470-06 09D-18C

Initial: ART
Name: Atanu Roy
Day: Tuesday
Scheduled commitments (classes/labs/breaks, not availability): 12:30 PM - CSE470-16 07D-19C; 2:00 PM - CSE471-15 (LAB) PLN,ART 09F-25L; 3:30 PM - CSE471-15 (LAB) PLN,ART 09F-25L",The lab section of CSE471-15 is taught by both Pollock Nag and Atanu Roy.,False
Q178,adaptive_novel_bge_v2m3,Who teaches the lab section of CSE423-05?,"The lab section of CSE423-05 is taught by MAHS,ZLNM.","Course: CSE423-05
Theory Initial: AJA
Theory Day: SUN+TUE
Theory Time: 11:00 AM
Theory Room: 09D-17C
Lab Faculty: MAHS,ZLNM
Lab Day: WED
Lab Time: 2:00 PM
Lab Room: 10E-27L

Initial: ZLNM
Name: Md. Zulkar Naim
Day: Wednesday
Scheduled commitments (classes/labs/breaks, not availability): 9:30 AM - CSE340-16 09H-32C; 12:30 PM - CSE340-17 09A-05C; 2:00 PM - CSE423-02 (LAB) MAHS,ZLNM 10E-27L,CSE423-05 (LAB) MAHS,ZLNM 10E-27L; 3:30 PM - CSE423-02 (LAB) MAHS,ZLNM 10E-27L,CSE423-05 (LAB) MAHS,ZLNM 10E-27L

Initial: SKIB
Name: Nazmus Sakib Ahmed
Day: Saturday
Scheduled commitments (classes/labs/breaks, not availability): 11:00 AM - CSE470-19 09D-17C; 12:30 PM - CSE470-05 09D-17C; 2:00 PM - CSE423-13 (LAB) ANKH,SKIB 12D-27L,CSE423-14 (LAB) ANKH,SKIB 12D-27L; 3:30 PM - CSE423-13 (LAB) ANKH,SKIB 12D-27L,CSE423-14 (LAB) ANKH,SKIB 12D-27L

Initial: SRU
Name: Mr. Shakir Rouf
Day: Tuesday
Scheduled commitments (classes/labs/breaks, not availability): 11:00 AM - CSE423-08 09C-13C; 12:30 PM - CSE360-05 09C-13C; 2:00 PM - CSE423-15 (LAB) ZLNM,SRU 12D-27L,CSE423-16 (LAB) ZLNM,SRU 12D-27L; 3:30 PM - CSE423-15 (LAB) ZLNM,SRU 12D-27L,CSE423-16 (LAB) ZLNM,SRU 12D-27L

Initial: MAHS
Name: Md Arif Hasan
Day: Wednesday
Scheduled commitments (classes/labs/breaks, not availability): 11:00 AM - CSE423-01 (LAB) SOSB,MAHS 12D-27L,CSE423-24 (LAB) SOSB,MAHS 12D-27L; 12:30 PM - CSE423-01 (LAB) SOSB,MAHS 12D-27L,CSE423-24 (LAB) SOSB,MAHS 12D-27L; 2:00 PM - CSE423-02 (LAB) MAHS,ZLNM 10E-27L,CSE423-05 (LAB) MAHS,ZLNM 10E-27L; 3:30 PM - CSE423-02 (LAB) MAHS,ZLNM 10E-27L,CSE423-05 (LAB) MAHS,ZLNM 10E-27L",The instructors for the lab section of CSE423-05 are Md. Arif Hasan and Md. Zulkar Naim.,False
Q113,adaptive_novel_bge_v2m3,What is the full prerequisite chain for ENG102?,The full prerequisite chain for ENG102 is ENG101.,"Verified prerequisite chain for ENG102 (nearest prerequisite first, from the Prerequisites knowledge base): ENG101.

Course: ENG103
Prerequisite: ENG102 (HP)
Full Prerequisite Chain: ENG102

Course: CSE260
Prerequisite: CSE251 (HP)
Full Prerequisite Chain: CSE251-CSE250

Course: CSE350
Prerequisite: CSE251 (HP)
Full Prerequisite Chain: CSE251-CSE250

Course: CSE251
Prerequisite: CSE250 (HP)
Full Prerequisite Chain: CSE250

Course: ENG102
Prerequisite: ENG101 (HP)
Full Prerequisite Chain: ENG101",The full prerequisite chain for ENG102 is ENG101.,False
Q132,adaptive_novel_bge_v2m3,Who is the theory coordinator for CSE428?,The theory coordinator for CSE428 is SDQ.,"Course: CSE428
First Theory Coordinator: SDQ
Theory Coordinator Email: saiful.bari@bracu.ac.bd
First Lab Coordinator: EHQ
Lab Coordinator Email: ehtashamul.haque@bracu.ac.bd

Course: CSE423
First Theory Coordinator: TMD
Second Theory Coordinator: SMUR
Theory Coordinator Email: tamkin.mahmud@bracu.ac.bd,rahman.samiur@bracu.ac.bd
First Lab Coordinator: SRU
Lab Coordinator Email: shakir.rouf@bracu.ac.bd

Course: CSE250
First Theory Coordinator: SDS
Second Theory Coordinator: PDS
Theory Coordinator Email: shadman.shahriar@bracu.ac.bd,purbayan.das@bracu.ac.bd
First Lab Coordinator: SDQ
Second Lab Coordinator: FFR
Lab Coordinator Email: saiful.bari@bracu.ac.bd,md.fatin@bracu.ac.bd

Course: CSE221
First Theory Coordinator: FGZ
Second Theory Coordinator: IBA
Theory Coordinator Email: fakhruddin.gazzali@bracu.ac.bd,imran.azad@bracu.ac.bd
First Lab Coordinator: NARC
Second Lab Coordinator: AKHD
Lab Coordinator Email: atonuroy.chowdhury@bracu.ac.bd,ext.abdullah@bracu.ac.bd

Course: CSE424
First Theory Coordinator: AAR
Theory Coordinator Email: annajiat@bracu.ac.bd
First Lab Coordinator: AAR
Lab Coordinator Email: annajiat@bracu.ac.bd",The first theory coordinator for CSE428 is SDQ.,False
