query_id,lambda,ndcg@5
Q001,0.0,1.0
Q001,0.05,1.0
Q001,0.1,1.0
Q001,0.15,1.0
Q001,0.2,1.0
Q001,0.25,1.0
Q001,0.3,1.0
Q001,0.35,1.0
Q001,0.4,1.0
Q001,0.45,1.0
Q001,0.5,1.0
Q001,0.55,1.0
Q001,0.6,1.0
Q001,0.65,1.0
Q001,0.7,1.0
Q001,0.75,1.0
Q001,0.8,1.0
Q001,0.85,1.0
Q001,0.9,1.0
Q001,0.95,1.0
Q001,1.0,1.0
Q002,0.0,1.0
Q002,0.05,1.0
Q002,0.1,1.0
Q002,0.15,1.0
Q002,0.2,1.0
Q002,0.25,1.0
Q002,0.3,1.0
Q002,0.35,1.0
Q002,0.4,1.0
Q002,0.45,1.0
Q002,0.5,1.0
Q002,0.55,1.0
Q002,0.6,1.0
Q002,0.65,1.0
Q002,0.7,1.0
Q002,0.75,1.0
Q002,0.8,1.0
Q002,0.85,1.0
Q002,0.9,1.0
Q002,0.95,1.0
Q002,1.0,1.0
Q003,0.0,1.0
Q003,0.05,1.0
Q003,0.1,1.0
Q003,0.15,1.0
Q003,0.2,1.0
Q003,0.25,1.0
Q003,0.3,1.0
Q003,0.35,1.0
Q003,0.4,1.0
Q003,0.45,1.0
Q003,0.5,1.0
Q003,0.55,1.0
Q003,0.6,1.0
Q003,0.65,1.0
Q003,0.7,1.0
Q003,0.75,1.0
Q003,0.8,1.0
Q003,0.85,1.0
Q003,0.9,1.0
Q003,0.95,1.0
Q003,1.0,1.0
Q004,0.0,1.0
Q004,0.05,1.0
Q004,0.1,1.0
Q004,0.15,1.0
Q004,0.2,1.0
Q004,0.25,1.0
Q004,0.3,1.0
Q004,0.35,1.0
Q004,0.4,1.0
Q004,0.45,1.0
Q004,0.5,1.0
Q004,0.55,1.0
Q004,0.6,1.0
Q004,0.65,1.0
Q004,0.7,1.0
Q004,0.75,1.0
Q004,0.8,1.0
Q004,0.85,1.0
Q004,0.9,1.0
Q004,0.95,1.0
Q004,1.0,1.0
Q005,0.0,1.0
Q005,0.05,1.0
Q005,0.1,1.0
Q005,0.15,1.0
Q005,0.2,1.0
Q005,0.25,1.0
Q005,0.3,1.0
Q005,0.35,1.0
Q005,0.4,1.0
Q005,0.45,1.0
Q005,0.5,1.0
Q005,0.55,1.0
Q005,0.6,1.0
Q005,0.65,1.0
Q005,0.7,1.0
Q005,0.75,1.0
Q005,0.8,1.0
Q005,0.85,1.0
Q005,0.9,1.0
Q005,0.95,1.0
Q005,1.0,1.0
Q006,0.0,1.0
Q006,0.05,1.0
Q006,0.1,1.0
Q006,0.15,1.0
Q006,0.2,1.0
Q006,0.25,1.0
Q006,0.3,1.0
Q006,0.35,1.0
Q006,0.4,1.0
Q006,0.45,1.0
Q006,0.5,1.0
Q006,0.55,1.0
Q006,0.6,1.0
Q006,0.65,1.0
Q006,0.7,1.0
Q006,0.75,1.0
Q006,0.8,1.0
Q006,0.85,1.0
Q006,0.9,1.0
Q006,0.95,0.9197207891481876
Q006,1.0,0.9197207891481876
Q007,0.0,0.9197207891481876
Q007,0.05,0.9197207891481876
Q007,0.1,0.6934264036172708
Q007,0.15,0.6934264036172708
Q007,0.2,0.6934264036172708
Q007,0.25,0.6934264036172708
Q007,0.3,0.6934264036172708
Q007,0.35,0.6934264036172708
Q007,0.4,0.6934264036172708
Q007,0.45,0.6934264036172708
Q007,0.5,0.6934264036172708
Q007,0.55,0.6934264036172708
Q007,0.6,0.6934264036172708
Q007,0.65,0.6934264036172708
Q007,0.7,0.6934264036172708
Q007,0.75,0.6934264036172708
Q007,0.8,0.6509209298071326
Q007,0.85,0.6509209298071326
Q007,0.9,0.38685280723454163
Q007,0.95,0.38685280723454163
Q007,1.0,0.38685280723454163
Q008,0.0,1.0
Q008,0.05,1.0
Q008,0.1,1.0
Q008,0.15,1.0
Q008,0.2,1.0
Q008,0.25,1.0
Q008,0.3,1.0
Q008,0.35,1.0
Q008,0.4,1.0
Q008,0.45,1.0
Q008,0.5,1.0
Q008,0.55,1.0
Q008,0.6,1.0
Q008,0.65,1.0
Q008,0.7,0.8772153153380493
Q008,0.75,0.8503449055347546
Q008,0.8,0.8503449055347546
Q008,0.85,0.8503449055347546
Q008,0.9,0.8503449055347546
Q008,0.95,0.8503449055347546
Q008,1.0,0.6131471927654584
Q009,0.0,1.0
Q009,0.05,1.0
Q009,0.1,1.0
Q009,0.15,1.0
Q009,0.2,1.0
Q009,0.25,1.0
Q009,0.3,1.0
Q009,0.35,1.0
Q009,0.4,1.0
Q009,0.45,1.0
Q009,0.5,1.0
Q009,0.55,1.0
Q009,0.6,1.0
Q009,0.65,1.0
Q009,0.7,1.0
Q009,0.75,1.0
Q009,0.8,1.0
Q009,0.85,1.0
Q009,0.9,1.0
Q009,0.95,1.0
Q009,1.0,1.0
Q010,0.0,0.0
Q010,0.05,0.0
Q010,0.1,0.0
Q010,0.15,0.0
Q010,0.2,1.0
Q010,0.25,1.0
Q010,0.3,1.0
Q010,0.35,1.0
Q010,0.4,1.0
Q010,0.45,1.0
Q010,0.5,1.0
Q010,0.55,1.0
Q010,0.6,1.0
Q010,0.65,1.0
Q010,0.7,1.0
Q010,0.75,1.0
Q010,0.8,1.0
Q010,0.85,1.0
Q010,0.9,1.0
Q010,0.95,1.0
Q010,1.0,1.0
Q011,0.0,1.0
Q011,0.05,1.0
Q011,0.1,1.0
Q011,0.15,1.0
Q011,0.2,1.0
Q011,0.25,1.0
Q011,0.3,1.0
Q011,0.35,1.0
Q011,0.4,1.0
Q011,0.45,1.0
Q011,0.5,1.0
Q011,0.55,1.0
Q011,0.6,1.0
Q011,0.65,1.0
Q011,0.7,1.0
Q011,0.75,1.0
Q011,0.8,1.0
Q011,0.85,1.0
Q011,0.9,1.0
Q011,0.95,1.0
Q011,1.0,1.0
Q012,0.0,1.0
Q012,0.05,1.0
Q012,0.1,1.0
Q012,0.15,1.0
Q012,0.2,1.0
Q012,0.25,1.0
Q012,0.3,1.0
Q012,0.35,1.0
Q012,0.4,1.0
Q012,0.45,1.0
Q012,0.5,1.0
Q012,0.55,1.0
Q012,0.6,1.0
Q012,0.65,1.0
Q012,0.7,1.0
Q012,0.75,1.0
Q012,0.8,1.0
Q012,0.85,1.0
Q012,0.9,1.0
Q012,0.95,1.0
Q012,1.0,1.0
Q013,0.0,0.9674679834891693
Q013,0.05,1.0
Q013,0.1,1.0
Q013,0.15,1.0
Q013,0.2,1.0
Q013,0.25,1.0
Q013,0.3,1.0
Q013,0.35,1.0
Q013,0.4,1.0
Q013,0.45,1.0
Q013,0.5,1.0
Q013,0.55,1.0
Q013,0.6,1.0
Q013,0.65,1.0
Q013,0.7,1.0
Q013,0.75,1.0
Q013,0.8,1.0
Q013,0.85,1.0
Q013,0.9,1.0
Q013,0.95,1.0
Q013,1.0,1.0
Q014,0.0,1.0
Q014,0.05,1.0
Q014,0.1,1.0
Q014,0.15,1.0
Q014,0.2,1.0
Q014,0.25,1.0
Q014,0.3,1.0
Q014,0.35,1.0
Q014,0.4,1.0
Q014,0.45,1.0
Q014,0.5,1.0
Q014,0.55,1.0
Q014,0.6,1.0
Q014,0.65,1.0
Q014,0.7,1.0
Q014,0.75,1.0
Q014,0.8,1.0
Q014,0.85,1.0
Q014,0.9,1.0
Q014,0.95,1.0
Q014,1.0,1.0
Q015,0.0,1.0
Q015,0.05,1.0
Q015,0.1,1.0
Q015,0.15,1.0
Q015,0.2,1.0
Q015,0.25,1.0
Q015,0.3,1.0
Q015,0.35,1.0
Q015,0.4,1.0
Q015,0.45,1.0
Q015,0.5,0.9469024295259745
Q015,0.55,0.7653606369886217
Q015,0.6,0.7653606369886217
Q015,0.65,0.7653606369886217
Q015,0.7,0.7653606369886217
Q015,0.75,0.7653606369886217
Q015,0.8,0.7653606369886217
Q015,0.85,0.7653606369886217
Q015,0.9,0.7653606369886217
Q015,0.95,0.7653606369886217
Q015,1.0,0.7653606369886217
Q016,0.0,1.0
Q016,0.05,1.0
Q016,0.1,1.0
Q016,0.15,1.0
Q016,0.2,1.0
Q016,0.25,1.0
Q016,0.3,1.0
Q016,0.35,1.0
Q016,0.4,1.0
Q016,0.45,1.0
Q016,0.5,1.0
Q016,0.55,1.0
Q016,0.6,1.0
Q016,0.65,1.0
Q016,0.7,1.0
Q016,0.75,1.0
Q016,0.8,1.0
Q016,0.85,1.0
Q016,0.9,1.0
Q016,0.95,1.0
Q016,1.0,1.0
Q017,0.0,0.9469024295259745
Q017,0.05,0.9674679834891693
Q017,0.1,1.0
Q017,0.15,1.0
Q017,0.2,1.0
Q017,0.25,1.0
Q017,0.3,1.0
Q017,0.35,1.0
Q017,0.4,1.0
Q017,0.45,1.0
Q017,0.5,1.0
Q017,0.55,1.0
Q017,0.6,1.0
Q017,0.65,1.0
Q017,0.7,1.0
Q017,0.75,1.0
Q017,0.8,1.0
Q017,0.85,1.0
Q017,0.9,0.9469024295259745
Q017,0.95,0.7653606369886217
Q017,1.0,0.7653606369886217
Q018,0.0,1.0
Q018,0.05,1.0
Q018,0.1,1.0
Q018,0.15,1.0
Q018,0.2,1.0
Q018,0.25,1.0
Q018,0.3,1.0
Q018,0.35,1.0
Q018,0.4,1.0
Q018,0.45,1.0
Q018,0.5,1.0
Q018,0.55,1.0
Q018,0.6,1.0
Q018,0.65,1.0
Q018,0.7,1.0
Q018,0.75,1.0
Q018,0.8,1.0
Q018,0.85,1.0
Q018,0.9,1.0
Q018,0.95,1.0
Q018,1.0,1.0
Q019,0.0,1.0
Q019,0.05,1.0
Q019,0.1,1.0
Q019,0.15,1.0
Q019,0.2,1.0
Q019,0.25,1.0
Q019,0.3,1.0
Q019,0.35,1.0
Q019,0.4,1.0
Q019,0.45,1.0
Q019,0.5,1.0
Q019,0.55,1.0
Q019,0.6,1.0
Q019,0.65,1.0
Q019,0.7,1.0
Q019,0.75,1.0
Q019,0.8,1.0
Q019,0.85,1.0
Q019,0.9,1.0
Q019,0.95,1.0
Q019,1.0,1.0
Q020,0.0,1.0
Q020,0.05,1.0
Q020,0.1,1.0
Q020,0.15,1.0
Q020,0.2,1.0
Q020,0.25,1.0
Q020,0.3,1.0
Q020,0.35,1.0
Q020,0.4,1.0
Q020,0.45,1.0
Q020,0.5,1.0
Q020,0.55,0.9197207891481876
Q020,0.6,0.9197207891481876
Q020,0.65,0.9197207891481876
Q020,0.7,0.9197207891481876
Q020,0.75,0.9197207891481876
Q020,0.8,0.9197207891481876
Q020,0.85,0.9197207891481876
Q020,0.9,0.9197207891481876
Q020,0.95,0.9197207891481876
Q020,1.0,0.9197207891481876
Q021,0.0,1.0
Q021,0.05,1.0
Q021,0.1,1.0
Q021,0.15,1.0
Q021,0.2,1.0
Q021,0.25,1.0
Q021,0.3,1.0
Q021,0.35,1.0
Q021,0.4,1.0
Q021,0.45,1.0
Q021,0.5,1.0
Q021,0.55,1.0
Q021,0.6,1.0
Q021,0.65,1.0
Q021,0.7,1.0
Q021,0.75,1.0
Q021,0.8,1.0
Q021,0.85,1.0
Q021,0.9,1.0
Q021,0.95,1.0
Q021,1.0,0.9197207891481876
Q022,0.0,1.0
Q022,0.05,0.8318724637288826
Q022,0.1,0.8318724637288826
Q022,0.15,0.8318724637288826
Q022,0.2,0.8318724637288826
Q022,0.25,0.8318724637288826
Q022,0.3,0.8318724637288826
Q022,0.35,0.8318724637288826
Q022,0.4,0.8318724637288826
Q022,0.45,0.8318724637288826
Q022,0.5,0.8318724637288826
Q022,0.55,0.8318724637288826
Q022,0.6,0.8318724637288826
Q022,0.65,0.8318724637288826
Q022,0.7,0.8318724637288826
Q022,0.75,1.0
Q022,0.8,1.0
Q022,0.85,1.0
Q022,0.9,1.0
Q022,0.95,1.0
Q022,1.0,1.0
Q023,0.0,1.0
Q023,0.05,1.0
Q023,0.1,1.0
Q023,0.15,1.0
Q023,0.2,1.0
Q023,0.25,1.0
Q023,0.3,1.0
Q023,0.35,1.0
Q023,0.4,1.0
Q023,0.45,1.0
Q023,0.5,1.0
Q023,0.55,1.0
Q023,0.6,1.0
Q023,0.65,1.0
Q023,0.7,1.0
Q023,0.75,1.0
Q023,0.8,1.0
Q023,0.85,1.0
Q023,0.9,1.0
Q023,0.95,1.0
Q023,1.0,1.0
Q024,0.0,1.0
Q024,0.05,1.0
Q024,0.1,1.0
Q024,0.15,1.0
Q024,0.2,1.0
Q024,0.25,1.0
Q024,0.3,1.0
Q024,0.35,1.0
Q024,0.4,1.0
Q024,0.45,1.0
Q024,0.5,1.0
Q024,0.55,1.0
Q024,0.6,1.0
Q024,0.65,1.0
Q024,0.7,1.0
Q024,0.75,1.0
Q024,0.8,1.0
Q024,0.85,1.0
Q024,0.9,1.0
Q024,0.95,1.0
Q024,1.0,1.0
Q025,0.0,1.0
Q025,0.05,1.0
Q025,0.1,1.0
Q025,0.15,1.0
Q025,0.2,1.0
Q025,0.25,1.0
Q025,0.3,1.0
Q025,0.35,1.0
Q025,0.4,1.0
Q025,0.45,1.0
Q025,0.5,1.0
Q025,0.55,1.0
Q025,0.6,1.0
Q025,0.65,1.0
Q025,0.7,1.0
Q025,0.75,1.0
Q025,0.8,1.0
Q025,0.85,1.0
Q025,0.9,1.0
Q025,0.95,1.0
Q025,1.0,1.0
Q026,0.0,1.0
Q026,0.05,1.0
Q026,0.1,1.0
Q026,0.15,1.0
Q026,0.2,1.0
Q026,0.25,1.0
Q026,0.3,1.0
Q026,0.35,1.0
Q026,0.4,1.0
Q026,0.45,1.0
Q026,0.5,1.0
Q026,0.55,1.0
Q026,0.6,1.0
Q026,0.65,1.0
Q026,0.7,1.0
Q026,0.75,1.0
Q026,0.8,1.0
Q026,0.85,1.0
Q026,0.9,1.0
Q026,0.95,1.0
Q026,1.0,1.0
Q027,0.0,1.0
Q027,0.05,1.0
Q027,0.1,1.0
Q027,0.15,1.0
Q027,0.2,1.0
Q027,0.25,1.0
Q027,0.3,1.0
Q027,0.35,1.0
Q027,0.4,1.0
Q027,0.45,1.0
Q027,0.5,1.0
Q027,0.55,1.0
Q027,0.6,1.0
Q027,0.65,1.0
Q027,0.7,1.0
Q027,0.75,1.0
Q027,0.8,1.0
Q027,0.85,1.0
Q027,0.9,1.0
Q027,0.95,1.0
Q027,1.0,1.0
Q028,0.0,1.0
Q028,0.05,1.0
Q028,0.1,1.0
Q028,0.15,1.0
Q028,0.2,1.0
Q028,0.25,1.0
Q028,0.3,1.0
Q028,0.35,1.0
Q028,0.4,1.0
Q028,0.45,1.0
Q028,0.5,1.0
Q028,0.55,1.0
Q028,0.6,1.0
Q028,0.65,1.0
Q028,0.7,1.0
Q028,0.75,1.0
Q028,0.8,1.0
Q028,0.85,1.0
Q028,0.9,1.0
Q028,0.95,1.0
Q028,1.0,1.0
Q029,0.0,1.0
Q029,0.05,1.0
Q029,0.1,1.0
Q029,0.15,1.0
Q029,0.2,1.0
Q029,0.25,1.0
Q029,0.3,1.0
Q029,0.35,1.0
Q029,0.4,1.0
Q029,0.45,1.0
Q029,0.5,0.4703652827859579
Q029,0.55,0.3903800499921017
Q029,0.6,0.6131471927654584
Q029,0.65,1.0
Q029,0.7,1.0
Q029,0.75,1.0
Q029,0.8,1.0
Q029,0.85,1.0
Q029,0.9,1.0
Q029,0.95,1.0
Q029,1.0,1.0
Q030,0.0,1.0
Q030,0.05,1.0
Q030,0.1,1.0
Q030,0.15,1.0
Q030,0.2,1.0
Q030,0.25,1.0
Q030,0.3,1.0
Q030,0.35,1.0
Q030,0.4,1.0
Q030,0.45,1.0
Q030,0.5,1.0
Q030,0.55,1.0
Q030,0.6,1.0
Q030,0.65,1.0
Q030,0.7,1.0
Q030,0.75,1.0
Q030,0.8,1.0
Q030,0.85,1.0
Q030,0.9,1.0
Q030,0.95,1.0
Q030,1.0,1.0
Q031,0.0,1.0
Q031,0.05,1.0
Q031,0.1,1.0
Q031,0.15,1.0
Q031,0.2,1.0
Q031,0.25,1.0
Q031,0.3,1.0
Q031,0.35,1.0
Q031,0.4,1.0
Q031,0.45,1.0
Q031,0.5,1.0
Q031,0.55,1.0
Q031,0.6,1.0
Q031,0.65,1.0
Q031,0.7,1.0
Q031,0.75,1.0
Q031,0.8,1.0
Q031,0.85,1.0
Q031,0.9,1.0
Q031,0.95,1.0
Q031,1.0,1.0
Q032,0.0,1.0
Q032,0.05,1.0
Q032,0.1,1.0
Q032,0.15,1.0
Q032,0.2,1.0
Q032,0.25,1.0
Q032,0.3,1.0
Q032,0.35,1.0
Q032,0.4,1.0
Q032,0.45,1.0
Q032,0.5,1.0
Q032,0.55,1.0
Q032,0.6,1.0
Q032,0.65,1.0
Q032,0.7,1.0
Q032,0.75,1.0
Q032,0.8,1.0
Q032,0.85,1.0
Q032,0.9,1.0
Q032,0.95,1.0
Q032,1.0,1.0
Q033,0.0,1.0
Q033,0.05,1.0
Q033,0.1,1.0
Q033,0.15,1.0
Q033,0.2,1.0
Q033,0.25,1.0
Q033,0.3,1.0
Q033,0.35,1.0
Q033,0.4,1.0
Q033,0.45,1.0
Q033,0.5,1.0
Q033,0.55,1.0
Q033,0.6,1.0
Q033,0.65,1.0
Q033,0.7,1.0
Q033,0.75,1.0
Q033,0.8,1.0
Q033,0.85,1.0
Q033,0.9,1.0
Q033,0.95,1.0
Q033,1.0,1.0
Q034,0.0,0.0
Q034,0.05,0.0
Q034,0.1,0.0
Q034,0.15,0.0
Q034,0.2,1.0
Q034,0.25,1.0
Q034,0.3,1.0
Q034,0.35,1.0
Q034,0.4,1.0
Q034,0.45,1.0
Q034,0.5,1.0
Q034,0.55,1.0
Q034,0.6,1.0
Q034,0.65,1.0
Q034,0.7,1.0
Q034,0.75,1.0
Q034,0.8,1.0
Q034,0.85,1.0
Q034,0.9,1.0
Q034,0.95,1.0
Q034,1.0,1.0
Q035,0.0,0.9469024295259745
Q035,0.05,0.9469024295259745
Q035,0.1,0.9469024295259745
Q035,0.15,0.9469024295259745
Q035,0.2,0.9469024295259745
Q035,0.25,0.9469024295259745
Q035,0.3,0.9469024295259745
Q035,0.35,0.9469024295259745
Q035,0.4,0.9469024295259745
Q035,0.45,0.9469024295259745
Q035,0.5,0.9469024295259745
Q035,0.55,0.9469024295259745
Q035,0.6,0.9469024295259745
Q035,0.65,0.9469024295259745
Q035,0.7,0.9469024295259745
Q035,0.75,0.9469024295259745
Q035,0.8,0.9469024295259745
Q035,0.85,0.9469024295259745
Q035,0.9,0.9674679834891693
Q035,0.95,1.0
Q035,1.0,1.0
Q036,0.0,1.0
Q036,0.05,1.0
Q036,0.1,1.0
Q036,0.15,1.0
Q036,0.2,1.0
Q036,0.25,1.0
Q036,0.3,1.0
Q036,0.35,1.0
Q036,0.4,1.0
Q036,0.45,1.0
Q036,0.5,1.0
Q036,0.55,1.0
Q036,0.6,1.0
Q036,0.65,1.0
Q036,0.7,1.0
Q036,0.75,1.0
Q036,0.8,1.0
Q036,0.85,0.6131471927654584
Q036,0.9,0.6131471927654584
Q036,0.95,0.6131471927654584
Q036,1.0,0.6131471927654584
Q037,0.0,1.0
Q037,0.05,1.0
Q037,0.1,1.0
Q037,0.15,1.0
Q037,0.2,1.0
Q037,0.25,1.0
Q037,0.3,1.0
Q037,0.35,1.0
Q037,0.4,1.0
Q037,0.45,1.0
Q037,0.5,1.0
Q037,0.55,1.0
Q037,0.6,1.0
Q037,0.65,1.0
Q037,0.7,1.0
Q037,0.75,1.0
Q037,0.8,1.0
Q037,0.85,1.0
Q037,0.9,1.0
Q037,0.95,1.0
Q037,1.0,1.0
Q038,0.0,1.0
Q038,0.05,1.0
Q038,0.1,1.0
Q038,0.15,1.0
Q038,0.2,1.0
Q038,0.25,1.0
Q038,0.3,1.0
Q038,0.35,1.0
Q038,0.4,1.0
Q038,0.45,1.0
Q038,0.5,1.0
Q038,0.55,1.0
Q038,0.6,1.0
Q038,0.65,1.0
Q038,0.7,1.0
Q038,0.75,1.0
Q038,0.8,1.0
Q038,0.85,1.0
Q038,0.9,1.0
Q038,0.95,1.0
Q038,1.0,1.0
Q039,0.0,1.0
Q039,0.05,1.0
Q039,0.1,1.0
Q039,0.15,1.0
Q039,0.2,1.0
Q039,0.25,1.0
Q039,0.3,1.0
Q039,0.35,1.0
Q039,0.4,1.0
Q039,0.45,1.0
Q039,0.5,1.0
Q039,0.55,1.0
Q039,0.6,1.0
Q039,0.65,1.0
Q039,0.7,1.0
Q039,0.75,1.0
Q039,0.8,1.0
Q039,0.85,1.0
Q039,0.9,1.0
Q039,0.95,1.0
Q039,1.0,1.0
Q040,0.0,1.0
Q040,0.05,1.0
Q040,0.1,1.0
Q040,0.15,1.0
Q040,0.2,1.0
Q040,0.25,1.0
Q040,0.3,1.0
Q040,0.35,1.0
Q040,0.4,1.0
Q040,0.45,1.0
Q040,0.5,1.0
Q040,0.55,1.0
Q040,0.6,1.0
Q040,0.65,1.0
Q040,0.7,1.0
Q040,0.75,1.0
Q040,0.8,1.0
Q040,0.85,1.0
Q040,0.9,1.0
Q040,0.95,1.0
Q040,1.0,1.0
Q041,0.0,1.0
Q041,0.05,1.0
Q041,0.1,1.0
Q041,0.15,1.0
Q041,0.2,1.0
Q041,0.25,1.0
Q041,0.3,1.0
Q041,0.35,1.0
Q041,0.4,1.0
Q041,0.45,1.0
Q041,0.5,1.0
Q041,0.55,1.0
Q041,0.6,1.0
Q041,0.65,0.9674679834891693
Q041,0.7,0.9674679834891693
Q041,0.75,0.9674679834891693
Q041,0.8,0.9674679834891693
Q041,0.85,0.9674679834891693
Q041,0.9,0.9674679834891693
Q041,0.95,0.9674679834891693
Q041,1.0,0.9674679834891693
Q042,0.0,1.0
Q042,0.05,1.0
Q042,0.1,1.0
Q042,0.15,1.0
Q042,0.2,1.0
Q042,0.25,1.0
Q042,0.3,1.0
Q042,0.35,1.0
Q042,0.4,1.0
Q042,0.45,1.0
Q042,0.5,1.0
Q042,0.55,1.0
Q042,0.6,1.0
Q042,0.65,1.0
Q042,0.7,1.0
Q042,0.75,1.0
Q042,0.8,0.9197207891481876
Q042,0.85,0.9197207891481876
Q042,0.9,0.9197207891481876
Q042,0.95,0.9197207891481876
Q042,1.0,0.9197207891481876
Q043,0.0,1.0
Q043,0.05,1.0
Q043,0.1,1.0
Q043,0.15,1.0
Q043,0.2,1.0
Q043,0.25,1.0
Q043,0.3,1.0
Q043,0.35,1.0
Q043,0.4,1.0
Q043,0.45,1.0
Q043,0.5,1.0
Q043,0.55,1.0
Q043,0.6,1.0
Q043,0.65,1.0
Q043,0.7,1.0
Q043,0.75,1.0
Q043,0.8,1.0
Q043,0.85,1.0
Q043,0.9,1.0
Q043,0.95,1.0
Q043,1.0,1.0
Q044,0.0,1.0
Q044,0.05,1.0
Q044,0.1,1.0
Q044,0.15,1.0
Q044,0.2,1.0
Q044,0.25,1.0
Q044,0.3,1.0
Q044,0.35,1.0
Q044,0.4,1.0
Q044,0.45,1.0
Q044,0.5,1.0
Q044,0.55,1.0
Q044,0.6,1.0
Q044,0.65,1.0
Q044,0.7,1.0
Q044,0.75,1.0
Q044,0.8,1.0
Q044,0.85,1.0
Q044,0.9,1.0
Q044,0.95,1.0
Q044,1.0,1.0
Q045,0.0,0.6131471927654584
Q045,0.05,0.9197207891481876
Q045,0.1,0.9197207891481876
Q045,0.15,0.9197207891481876
Q045,0.2,0.9197207891481876
Q045,0.25,0.9197207891481876
Q045,0.3,0.9197207891481876
Q045,0.35,0.9197207891481876
Q045,0.4,0.9197207891481876
Q045,0.45,0.9197207891481876
Q045,0.5,0.9197207891481876
Q045,0.55,0.9197207891481876
Q045,0.6,0.9197207891481876
Q045,0.65,0.9197207891481876
Q045,0.7,0.9197207891481876
Q045,0.75,0.8772153153380493
Q045,0.8,0.8772153153380493
Q045,0.85,0.8772153153380493
Q045,0.9,0.8772153153380493
Q045,0.95,0.8772153153380493
Q045,1.0,0.8772153153380493
Q046,0.0,1.0
Q046,0.05,1.0
Q046,0.1,1.0
Q046,0.15,1.0
Q046,0.2,0.9828920819566879
Q046,0.25,0.9828920819566879
Q046,0.3,0.9828920819566879
Q046,0.35,0.9828920819566879
Q046,0.4,0.8318724637288826
Q046,0.45,0.8318724637288826
Q046,0.5,1.0
Q046,0.55,1.0
Q046,0.6,1.0
Q046,0.65,1.0
Q046,0.7,1.0
Q046,0.75,1.0
Q046,0.8,0.9674679834891693
Q046,0.85,0.7122630665145961
Q046,0.9,0.41618115554873086
Q046,0.95,0.38364913903790027
Q046,1.0,0.38364913903790027
Q047,0.0,1.0
Q047,0.05,1.0
Q047,0.1,1.0
Q047,0.15,1.0
Q047,0.2,1.0
Q047,0.25,1.0
Q047,0.3,1.0
Q047,0.35,1.0
Q047,0.4,1.0
Q047,0.45,1.0
Q047,0.5,1.0
Q047,0.55,0.8318724637288826
Q047,0.6,1.0
Q047,0.65,1.0
Q047,0.7,1.0
Q047,0.75,1.0
Q047,0.8,1.0
Q047,0.85,1.0
Q047,0.9,1.0
Q047,0.95,1.0
Q047,1.0,1.0
Q048,0.0,1.0
Q048,0.05,1.0
Q048,0.1,1.0
Q048,0.15,1.0
Q048,0.2,1.0
Q048,0.25,1.0
Q048,0.3,1.0
Q048,0.35,1.0
Q048,0.4,1.0
Q048,0.45,1.0
Q048,0.5,1.0
Q048,0.55,1.0
Q048,0.6,1.0
Q048,0.65,1.0
Q048,0.7,1.0
Q048,0.75,1.0
Q048,0.8,1.0
Q048,0.85,1.0
Q048,0.9,1.0
Q048,0.95,1.0
Q048,1.0,1.0
Q049,0.0,1.0
Q049,0.05,1.0
Q049,0.1,1.0
Q049,0.15,1.0
Q049,0.2,1.0
Q049,0.25,1.0
Q049,0.3,1.0
Q049,0.35,1.0
Q049,0.4,1.0
Q049,0.45,1.0
Q049,0.5,1.0
Q049,0.55,1.0
Q049,0.6,1.0
Q049,0.65,1.0
Q049,0.7,1.0
Q049,0.75,1.0
Q049,0.8,1.0
Q049,0.85,1.0
Q049,0.9,1.0
Q049,0.95,1.0
Q049,1.0,1.0
Q050,0.0,1.0
Q050,0.05,1.0
Q050,0.1,1.0
Q050,0.15,1.0
Q050,0.2,1.0
Q050,0.25,1.0
Q050,0.3,1.0
Q050,0.35,1.0
Q050,0.4,1.0
Q050,0.45,1.0
Q050,0.5,1.0
Q050,0.55,1.0
Q050,0.6,1.0
Q050,0.65,1.0
Q050,0.7,1.0
Q050,0.75,1.0
Q050,0.8,1.0
Q050,0.85,1.0
Q050,0.9,1.0
Q050,0.95,1.0
Q050,1.0,1.0
Q051,0.0,1.0
Q051,0.05,1.0
Q051,0.1,1.0
Q051,0.15,1.0
Q051,0.2,1.0
Q051,0.25,1.0
Q051,0.3,1.0
Q051,0.35,1.0
Q051,0.4,1.0
Q051,0.45,1.0
Q051,0.5,1.0
Q051,0.55,1.0
Q051,0.6,1.0
Q051,0.65,1.0
Q051,0.7,1.0
Q051,0.75,1.0
Q051,0.8,1.0
Q051,0.85,1.0
Q051,0.9,0.9828920819566879
Q051,0.95,0.9828920819566879
Q051,1.0,0.9828920819566879
Q052,0.0,0.0
Q052,0.05,0.0
Q052,0.1,0.0
Q052,0.15,0.0
Q052,0.2,1.0
Q052,0.25,1.0
Q052,0.3,1.0
Q052,0.35,1.0
Q052,0.4,1.0
Q052,0.45,1.0
Q052,0.5,1.0
Q052,0.55,1.0
Q052,0.6,1.0
Q052,0.65,1.0
Q052,0.7,1.0
Q052,0.75,1.0
Q052,0.8,1.0
Q052,0.85,1.0
Q052,0.9,1.0
Q052,0.95,1.0
Q052,1.0,1.0
Q053,0.0,1.0
Q053,0.05,1.0
Q053,0.1,1.0
Q053,0.15,1.0
Q053,0.2,1.0
Q053,0.25,1.0
Q053,0.3,1.0
Q053,0.35,1.0
Q053,0.4,1.0
Q053,0.45,1.0
Q053,0.5,1.0
Q053,0.55,1.0
Q053,0.6,1.0
Q053,0.65,1.0
Q053,0.7,1.0
Q053,0.75,1.0
Q053,0.8,1.0
Q053,0.85,1.0
Q053,0.9,1.0
Q053,0.95,1.0
Q053,1.0,1.0
Q054,0.0,1.0
Q054,0.05,1.0
Q054,0.1,1.0
Q054,0.15,1.0
Q054,0.2,1.0
Q054,0.25,1.0
Q054,0.3,1.0
Q054,0.35,1.0
Q054,0.4,1.0
Q054,0.45,1.0
Q054,0.5,1.0
Q054,0.55,1.0
Q054,0.6,1.0
Q054,0.65,1.0
Q054,0.7,1.0
Q054,0.75,1.0
Q054,0.8,1.0
Q054,0.85,1.0
Q054,0.9,1.0
Q054,0.95,1.0
Q054,1.0,1.0
Q055,0.0,1.0
Q055,0.05,1.0
Q055,0.1,1.0
Q055,0.15,1.0
Q055,0.2,1.0
Q055,0.25,1.0
Q055,0.3,1.0
Q055,0.35,1.0
Q055,0.4,1.0
Q055,0.45,1.0
Q055,0.5,1.0
Q055,0.55,1.0
Q055,0.6,1.0
Q055,0.65,1.0
Q055,0.7,1.0
Q055,0.75,1.0
Q055,0.8,1.0
Q055,0.85,1.0
Q055,0.9,1.0
Q055,0.95,0.9674679834891693
Q055,1.0,0.9674679834891693
Q056,0.0,1.0
Q056,0.05,1.0
Q056,0.1,1.0
Q056,0.15,1.0
Q056,0.2,1.0
Q056,0.25,1.0
Q056,0.3,1.0
Q056,0.35,1.0
Q056,0.4,1.0
Q056,0.45,1.0
Q056,0.5,1.0
Q056,0.55,1.0
Q056,0.6,1.0
Q056,0.65,1.0
Q056,0.7,1.0
Q056,0.75,1.0
Q056,0.8,1.0
Q056,0.85,1.0
Q056,0.9,1.0
Q056,0.95,1.0
Q056,1.0,1.0
Q057,0.0,0.8772153153380493
Q057,0.05,0.8772153153380493
Q057,0.1,0.8772153153380493
Q057,0.15,0.8772153153380493
Q057,0.2,0.8772153153380493
Q057,0.25,0.8772153153380493
Q057,0.3,0.8772153153380493
Q057,0.35,0.8772153153380493
Q057,0.4,0.8772153153380493
Q057,0.45,0.8772153153380493
Q057,0.5,0.8772153153380493
Q057,0.55,0.8503449055347546
Q057,0.6,0.8503449055347546
Q057,0.65,0.8503449055347546
Q057,0.7,0.8503449055347546
Q057,0.75,0.6131471927654584
Q057,0.8,0.6131471927654584
Q057,0.85,0.6131471927654584
Q057,0.9,0.6131471927654584
Q057,0.95,0.6131471927654584
Q057,1.0,0.6131471927654584
Q058,0.0,1.0
Q058,0.05,0.7606395682357036
Q058,0.1,0.7606395682357036
Q058,0.15,0.7606395682357036
Q058,0.2,0.7606395682357036
Q058,0.25,0.7606395682357036
Q058,0.3,0.7606395682357036
Q058,0.35,0.7606395682357036
Q058,0.4,0.6608397947263839
Q058,0.45,0.6608397947263839
Q058,0.5,0.6608397947263839
Q058,0.55,0.6608397947263839
Q058,0.6,0.6608397947263839
Q058,0.65,0.6608397947263839
Q058,0.7,0.6608397947263839
Q058,0.75,0.6608397947263839
Q058,0.8,0.6608397947263839
Q058,0.85,0.6608397947263839
Q058,0.9,0.6608397947263839
Q058,0.95,0.6608397947263839
Q058,1.0,0.6608397947263839
Q059,0.0,1.0
Q059,0.05,1.0
Q059,0.1,1.0
Q059,0.15,1.0
Q059,0.2,1.0
Q059,0.25,1.0
Q059,0.3,1.0
Q059,0.35,1.0
Q059,0.4,1.0
Q059,0.45,1.0
Q059,0.5,1.0
Q059,0.55,1.0
Q059,0.6,1.0
Q059,0.65,1.0
Q059,0.7,1.0
Q059,0.75,1.0
Q059,0.8,1.0
Q059,0.85,1.0
Q059,0.9,1.0
Q059,0.95,1.0
Q059,1.0,1.0
Q060,0.0,1.0
Q060,0.05,1.0
Q060,0.1,1.0
Q060,0.15,1.0
Q060,0.2,1.0
Q060,0.25,1.0
Q060,0.3,1.0
Q060,0.35,1.0
Q060,0.4,1.0
Q060,0.45,1.0
Q060,0.5,1.0
Q060,0.55,1.0
Q060,0.6,1.0
Q060,0.65,1.0
Q060,0.7,1.0
Q060,0.75,1.0
Q060,0.8,1.0
Q060,0.85,1.0
Q060,0.9,1.0
Q060,0.95,1.0
Q060,1.0,1.0
Q061,0.0,1.0
Q061,0.05,1.0
Q061,0.1,1.0
Q061,0.15,1.0
Q061,0.2,1.0
Q061,0.25,1.0
Q061,0.3,1.0
Q061,0.35,1.0
Q061,0.4,1.0
Q061,0.45,1.0
Q061,0.5,1.0
Q061,0.55,1.0
Q061,0.6,1.0
Q061,0.65,1.0
Q061,0.7,1.0
Q061,0.75,1.0
Q061,0.8,1.0
Q061,0.85,1.0
Q061,0.9,1.0
Q061,0.95,1.0
Q061,1.0,1.0
Q062,0.0,1.0
Q062,0.05,1.0
Q062,0.1,1.0
Q062,0.15,1.0
Q062,0.2,1.0
Q062,0.25,1.0
Q062,0.3,1.0
Q062,0.35,1.0
Q062,0.4,1.0
Q062,0.45,1.0
Q062,0.5,1.0
Q062,0.55,1.0
Q062,0.6,1.0
Q062,0.65,1.0
Q062,0.7,1.0
Q062,0.75,1.0
Q062,0.8,1.0
Q062,0.85,1.0
Q062,0.9,1.0
Q062,0.95,1.0
Q062,1.0,1.0
Q063,0.0,1.0
Q063,0.05,1.0
Q063,0.1,1.0
Q063,0.15,1.0
Q063,0.2,1.0
Q063,0.25,1.0
Q063,0.3,1.0
Q063,0.35,1.0
Q063,0.4,1.0
Q063,0.45,1.0
Q063,0.5,1.0
Q063,0.55,1.0
Q063,0.6,1.0
Q063,0.65,0.9469024295259745
Q063,0.7,0.7653606369886217
Q063,0.75,1.0
Q063,0.8,1.0
Q063,0.85,1.0
Q063,0.9,1.0
Q063,0.95,1.0
Q063,1.0,1.0
Q064,0.0,1.0
Q064,0.05,1.0
Q064,0.1,1.0
Q064,0.15,1.0
Q064,0.2,1.0
Q064,0.25,1.0
Q064,0.3,1.0
Q064,0.35,1.0
Q064,0.4,1.0
Q064,0.45,1.0
Q064,0.5,0.9828920819566879
Q064,0.55,0.9828920819566879
Q064,0.6,0.8318724637288826
Q064,0.65,0.8318724637288826
Q064,0.7,0.8318724637288826
Q064,0.75,0.8318724637288826
Q064,0.8,0.8318724637288826
Q064,0.85,0.8318724637288826
Q064,0.9,0.8318724637288826
Q064,0.95,0.8318724637288826
Q064,1.0,0.8318724637288826
Q065,0.0,1.0
Q065,0.05,1.0
Q065,0.1,1.0
Q065,0.15,1.0
Q065,0.2,1.0
Q065,0.25,1.0
Q065,0.3,1.0
Q065,0.35,1.0
Q065,0.4,1.0
Q065,0.45,1.0
Q065,0.5,1.0
Q065,0.55,1.0
Q065,0.6,1.0
Q065,0.65,1.0
Q065,0.7,1.0
Q065,0.75,1.0
Q065,0.8,1.0
Q065,0.85,1.0
Q065,0.9,1.0
Q065,0.95,1.0
Q065,1.0,1.0
Q066,0.0,1.0
Q066,0.05,1.0
Q066,0.1,1.0
Q066,0.15,1.0
Q066,0.2,1.0
Q066,0.25,1.0
Q066,0.3,1.0
Q066,0.35,1.0
Q066,0.4,1.0
Q066,0.45,1.0
Q066,0.5,1.0
Q066,0.55,1.0
Q066,0.6,1.0
Q066,0.65,1.0
Q066,0.7,1.0
Q066,0.75,1.0
Q066,0.8,1.0
Q066,0.85,1.0
Q066,0.9,1.0
Q066,0.95,1.0
Q066,1.0,1.0
Q067,0.0,1.0
Q067,0.05,1.0
Q067,0.1,1.0
Q067,0.15,1.0
Q067,0.2,1.0
Q067,0.25,1.0
Q067,0.3,1.0
Q067,0.35,1.0
Q067,0.4,1.0
Q067,0.45,1.0
Q067,0.5,0.9060254355346823
Q067,0.55,0.46927872602275644
Q067,0.6,1.0
Q067,0.65,1.0
Q067,0.7,1.0
Q067,0.75,1.0
Q067,0.8,1.0
Q067,0.85,1.0
Q067,0.9,1.0
Q067,0.95,1.0
Q067,1.0,1.0
Q068,0.0,1.0
Q068,0.05,1.0
Q068,0.1,1.0
Q068,0.15,1.0
Q068,0.2,1.0
Q068,0.25,1.0
Q068,0.3,1.0
Q068,0.35,1.0
Q068,0.4,1.0
Q068,0.45,1.0
Q068,0.5,1.0
Q068,0.55,1.0
Q068,0.6,1.0
Q068,0.65,1.0
Q068,0.7,1.0
Q068,0.75,1.0
Q068,0.8,1.0
Q068,0.85,1.0
Q068,0.9,1.0
Q068,0.95,1.0
Q068,1.0,1.0
Q069,0.0,1.0
Q069,0.05,1.0
Q069,0.1,1.0
Q069,0.15,1.0
Q069,0.2,1.0
Q069,0.25,1.0
Q069,0.3,1.0
Q069,0.35,1.0
Q069,0.4,1.0
Q069,0.45,1.0
Q069,0.5,1.0
Q069,0.55,1.0
Q069,0.6,1.0
Q069,0.65,1.0
Q069,0.7,1.0
Q069,0.75,1.0
Q069,0.8,1.0
Q069,0.85,1.0
Q069,0.9,1.0
Q069,0.95,1.0
Q069,1.0,1.0
Q070,0.0,1.0
Q070,0.05,1.0
Q070,0.1,1.0
Q070,0.15,1.0
Q070,0.2,1.0
Q070,0.25,1.0
Q070,0.3,1.0
Q070,0.35,1.0
Q070,0.4,1.0
Q070,0.45,1.0
Q070,0.5,1.0
Q070,0.55,1.0
Q070,0.6,1.0
Q070,0.65,1.0
Q070,0.7,1.0
Q070,0.75,1.0
Q070,0.8,1.0
Q070,0.85,1.0
Q070,0.9,1.0
Q070,0.95,1.0
Q070,1.0,1.0
Q071,0.0,1.0
Q071,0.05,1.0
Q071,0.1,1.0
Q071,0.15,1.0
Q071,0.2,1.0
Q071,0.25,1.0
Q071,0.3,1.0
Q071,0.35,1.0
Q071,0.4,1.0
Q071,0.45,1.0
Q071,0.5,1.0
Q071,0.55,1.0
Q071,0.6,1.0
Q071,0.65,1.0
Q071,0.7,1.0
Q071,0.75,1.0
Q071,0.8,1.0
Q071,0.85,1.0
Q071,0.9,1.0
Q071,0.95,1.0
Q071,1.0,1.0
Q072,0.0,1.0
Q072,0.05,1.0
Q072,0.1,1.0
Q072,0.15,1.0
Q072,0.2,1.0
Q072,0.25,1.0
Q072,0.3,1.0
Q072,0.35,1.0
Q072,0.4,1.0
Q072,0.45,1.0
Q072,0.5,1.0
Q072,0.55,1.0
Q072,0.6,1.0
Q072,0.65,1.0
Q072,0.7,1.0
Q072,0.75,1.0
Q072,0.8,1.0
Q072,0.85,1.0
Q072,0.9,1.0
Q072,0.95,1.0
Q072,1.0,1.0
Q073,0.0,1.0
Q073,0.05,1.0
Q073,0.1,1.0
Q073,0.15,1.0
Q073,0.2,1.0
Q073,0.25,1.0
Q073,0.3,1.0
Q073,0.35,1.0
Q073,0.4,1.0
Q073,0.45,1.0
Q073,0.5,1.0
Q073,0.55,1.0
Q073,0.6,1.0
Q073,0.65,1.0
Q073,0.7,1.0
Q073,0.75,1.0
Q073,0.8,1.0
Q073,0.85,1.0
Q073,0.9,1.0
Q073,0.95,1.0
Q073,1.0,1.0
Q074,0.0,0.9197207891481876
Q074,0.05,0.9197207891481876
Q074,0.1,0.9197207891481876
Q074,0.15,0.9197207891481876
Q074,0.2,0.9197207891481876
Q074,0.25,0.9197207891481876
Q074,0.3,0.9197207891481876
Q074,0.35,0.9197207891481876
Q074,0.4,0.9197207891481876
Q074,0.45,0.9197207891481876
Q074,0.5,0.9197207891481876
Q074,0.55,0.9197207891481876
Q074,0.6,0.9197207891481876
Q074,0.65,0.9197207891481876
Q074,0.7,0.9197207891481876
Q074,0.75,0.9197207891481876
Q074,0.8,0.9197207891481876
Q074,0.85,0.9197207891481876
Q074,0.9,0.9197207891481876
Q074,0.95,0.9197207891481876
Q074,1.0,0.9197207891481876
Q075,0.0,1.0
Q075,0.05,1.0
Q075,0.1,1.0
Q075,0.15,1.0
Q075,0.2,1.0
Q075,0.25,1.0
Q075,0.3,1.0
Q075,0.35,1.0
Q075,0.4,1.0
Q075,0.45,1.0
Q075,0.5,1.0
Q075,0.55,1.0
Q075,0.6,1.0
Q075,0.65,1.0
Q075,0.7,1.0
Q075,0.75,1.0
Q075,0.8,1.0
Q075,0.85,1.0
Q075,0.9,1.0
Q075,0.95,1.0
Q075,1.0,1.0
Q076,0.0,1.0
Q076,0.05,1.0
Q076,0.1,1.0
Q076,0.15,1.0
Q076,0.2,1.0
Q076,0.25,1.0
Q076,0.3,1.0
Q076,0.35,1.0
Q076,0.4,1.0
Q076,0.45,1.0
Q076,0.5,1.0
Q076,0.55,1.0
Q076,0.6,1.0
Q076,0.65,1.0
Q076,0.7,1.0
Q076,0.75,1.0
Q076,0.8,1.0
Q076,0.85,1.0
Q076,0.9,1.0
Q076,0.95,1.0
Q076,1.0,1.0
Q077,0.0,1.0
Q077,0.05,1.0
Q077,0.1,1.0
Q077,0.15,1.0
Q077,0.2,1.0
Q077,0.25,1.0
Q077,0.3,1.0
Q077,0.35,1.0
Q077,0.4,1.0
Q077,0.45,1.0
Q077,0.5,1.0
Q077,0.55,1.0
Q077,0.6,1.0
Q077,0.65,1.0
Q077,0.7,1.0
Q077,0.75,1.0
Q077,0.8,1.0
Q077,0.85,1.0
Q077,0.9,1.0
Q077,0.95,1.0
Q077,1.0,1.0
Q078,0.0,1.0
Q078,0.05,1.0
Q078,0.1,1.0
Q078,0.15,1.0
Q078,0.2,1.0
Q078,0.25,1.0
Q078,0.3,1.0
Q078,0.35,1.0
Q078,0.4,1.0
Q078,0.45,1.0
Q078,0.5,1.0
Q078,0.55,1.0
Q078,0.6,1.0
Q078,0.65,1.0
Q078,0.7,1.0
Q078,0.75,1.0
Q078,0.8,1.0
Q078,0.85,1.0
Q078,0.9,1.0
Q078,0.95,1.0
Q078,1.0,1.0
Q079,0.0,0.9674679834891693
Q079,0.05,0.9674679834891693
Q079,0.1,0.9674679834891693
Q079,0.15,0.9674679834891693
Q079,0.2,0.9674679834891693
Q079,0.25,0.9674679834891693
Q079,0.3,0.9674679834891693
Q079,0.35,0.9674679834891693
Q079,0.4,0.9674679834891693
Q079,0.45,0.9674679834891693
Q079,0.5,0.9674679834891693
Q079,0.55,0.9674679834891693
Q079,0.6,0.9674679834891693
Q079,0.65,0.9674679834891693
Q079,0.7,0.9674679834891693
Q079,0.75,0.9674679834891693
Q079,0.8,0.9674679834891693
Q079,0.85,0.9674679834891693
Q079,0.9,0.9674679834891693
Q079,0.95,0.9674679834891693
Q079,1.0,0.9469024295259745
Q080,0.0,1.0
Q080,0.05,1.0
Q080,0.1,1.0
Q080,0.15,1.0
Q080,0.2,1.0
Q080,0.25,1.0
Q080,0.3,1.0
Q080,0.35,1.0
Q080,0.4,1.0
Q080,0.45,1.0
Q080,0.5,1.0
Q080,0.55,1.0
Q080,0.6,1.0
Q080,0.65,1.0
Q080,0.7,1.0
Q080,0.75,1.0
Q080,0.8,1.0
Q080,0.85,1.0
Q080,0.9,1.0
Q080,0.95,1.0
Q080,1.0,1.0
Q081,0.0,1.0
Q081,0.05,1.0
Q081,0.1,1.0
Q081,0.15,1.0
Q081,0.2,0.6934264036172708
Q081,0.25,0.6934264036172708
Q081,0.3,0.6934264036172708
Q081,0.35,0.6934264036172708
Q081,0.4,0.6934264036172708
Q081,0.45,0.0
Q081,0.5,0.0
Q081,0.55,0.0
Q081,0.6,0.0
Q081,0.65,0.0
Q081,0.7,0.0
Q081,0.75,0.0
Q081,0.8,0.0
Q081,0.85,0.0
Q081,0.9,0.0
Q081,0.95,0.0
Q081,1.0,0.0
Q082,0.0,0.8687949224876582
Q082,0.05,0.8687949224876582
Q082,0.1,0.8687949224876582
Q082,0.15,0.8687949224876582
Q082,0.2,0.8687949224876582
Q082,0.25,1.0
Q082,0.3,1.0
Q082,0.35,1.0
Q082,0.4,1.0
Q082,0.45,1.0
Q082,0.5,1.0
Q082,0.55,1.0
Q082,0.6,1.0
Q082,0.65,1.0
Q082,0.7,1.0
Q082,0.75,1.0
Q082,0.8,1.0
Q082,0.85,1.0
Q082,0.9,1.0
Q082,0.95,1.0
Q082,1.0,1.0
Q083,0.0,0.0
Q083,0.05,0.0
Q083,0.1,0.0
Q083,0.15,0.0
Q083,0.2,1.0
Q083,0.25,1.0
Q083,0.3,1.0
Q083,0.35,1.0
Q083,0.4,1.0
Q083,0.45,1.0
Q083,0.5,1.0
Q083,0.55,1.0
Q083,0.6,1.0
Q083,0.65,1.0
Q083,0.7,1.0
Q083,0.75,1.0
Q083,0.8,1.0
Q083,0.85,1.0
Q083,0.9,1.0
Q083,0.95,1.0
Q083,1.0,1.0
Q084,0.0,1.0
Q084,0.05,1.0
Q084,0.1,1.0
Q084,0.15,1.0
Q084,0.2,1.0
Q084,0.25,1.0
Q084,0.3,1.0
Q084,0.35,1.0
Q084,0.4,1.0
Q084,0.45,1.0
Q084,0.5,1.0
Q084,0.55,1.0
Q084,0.6,1.0
Q084,0.65,1.0
Q084,0.7,1.0
Q084,0.75,1.0
Q084,0.8,1.0
Q084,0.85,1.0
Q084,0.9,1.0
Q084,0.95,1.0
Q084,1.0,1.0
Q085,0.0,1.0
Q085,0.05,1.0
Q085,0.1,1.0
Q085,0.15,1.0
Q085,0.2,1.0
Q085,0.25,1.0
Q085,0.3,1.0
Q085,0.35,1.0
Q085,0.4,1.0
Q085,0.45,1.0
Q085,0.5,1.0
Q085,0.55,1.0
Q085,0.6,1.0
Q085,0.65,1.0
Q085,0.7,1.0
Q085,0.75,1.0
Q085,0.8,1.0
Q085,0.85,1.0
Q085,0.9,1.0
Q085,0.95,1.0
Q085,1.0,1.0
Q086,0.0,1.0
Q086,0.05,1.0
Q086,0.1,1.0
Q086,0.15,1.0
Q086,0.2,1.0
Q086,0.25,1.0
Q086,0.3,1.0
Q086,0.35,1.0
Q086,0.4,1.0
Q086,0.45,1.0
Q086,0.5,1.0
Q086,0.55,1.0
Q086,0.6,1.0
Q086,0.65,1.0
Q086,0.7,1.0
Q086,0.75,1.0
Q086,0.8,1.0
Q086,0.85,1.0
Q086,0.9,1.0
Q086,0.95,1.0
Q086,1.0,1.0
Q087,0.0,1.0
Q087,0.05,1.0
Q087,0.1,1.0
Q087,0.15,1.0
Q087,0.2,1.0
Q087,0.25,1.0
Q087,0.3,1.0
Q087,0.35,1.0
Q087,0.4,1.0
Q087,0.45,1.0
Q087,0.5,1.0
Q087,0.55,1.0
Q087,0.6,1.0
Q087,0.65,1.0
Q087,0.7,1.0
Q087,0.75,1.0
Q087,0.8,1.0
Q087,0.85,1.0
Q087,0.9,1.0
Q087,0.95,1.0
Q087,1.0,1.0
Q088,0.0,1.0
Q088,0.05,1.0
Q088,0.1,1.0
Q088,0.15,1.0
Q088,0.2,1.0
Q088,0.25,1.0
Q088,0.3,1.0
Q088,0.35,1.0
Q088,0.4,1.0
Q088,0.45,1.0
Q088,0.5,1.0
Q088,0.55,1.0
Q088,0.6,1.0
Q088,0.65,1.0
Q088,0.7,1.0
Q088,0.75,1.0
Q088,0.8,1.0
Q088,0.85,1.0
Q088,0.9,1.0
Q088,0.95,1.0
Q088,1.0,1.0
Q089,0.0,1.0
Q089,0.05,1.0
Q089,0.1,1.0
Q089,0.15,1.0
Q089,0.2,1.0
Q089,0.25,1.0
Q089,0.3,1.0
Q089,0.35,1.0
Q089,0.4,1.0
Q089,0.45,1.0
Q089,0.5,1.0
Q089,0.55,1.0
Q089,0.6,1.0
Q089,0.65,1.0
Q089,0.7,1.0
Q089,0.75,1.0
Q089,0.8,1.0
Q089,0.85,1.0
Q089,0.9,1.0
Q089,0.95,1.0
Q089,1.0,1.0
Q090,0.0,1.0
Q090,0.05,1.0
Q090,0.1,1.0
Q090,0.15,1.0
Q090,0.2,1.0
Q090,0.25,1.0
Q090,0.3,1.0
Q090,0.35,1.0
Q090,0.4,1.0
Q090,0.45,1.0
Q090,0.5,1.0
Q090,0.55,1.0
Q090,0.6,1.0
Q090,0.65,1.0
Q090,0.7,1.0
Q090,0.75,1.0
Q090,0.8,1.0
Q090,0.85,1.0
Q090,0.9,1.0
Q090,0.95,1.0
Q090,1.0,1.0
Q091,0.0,1.0
Q091,0.05,1.0
Q091,0.1,1.0
Q091,0.15,1.0
Q091,0.2,1.0
Q091,0.25,1.0
Q091,0.3,1.0
Q091,0.35,1.0
Q091,0.4,1.0
Q091,0.45,1.0
Q091,0.5,1.0
Q091,0.55,1.0
Q091,0.6,1.0
Q091,0.65,1.0
Q091,0.7,1.0
Q091,0.75,1.0
Q091,0.8,1.0
Q091,0.85,1.0
Q091,0.9,1.0
Q091,0.95,1.0
Q091,1.0,1.0
Q092,0.0,1.0
Q092,0.05,0.9469024295259745
Q092,0.1,0.9469024295259745
Q092,0.15,0.9469024295259745
Q092,0.2,0.9469024295259745
Q092,0.25,0.9469024295259745
Q092,0.3,0.9469024295259745
Q092,0.35,0.9469024295259745
Q092,0.4,0.9469024295259745
Q092,0.45,0.9469024295259745
Q092,0.5,0.7653606369886217
Q092,0.55,0.7653606369886217
Q092,0.6,0.7653606369886217
Q092,0.65,0.9197207891481876
Q092,0.7,0.8772153153380493
Q092,0.75,0.8772153153380493
Q092,0.8,0.8772153153380493
Q092,0.85,0.8772153153380493
Q092,0.9,0.8772153153380493
Q092,0.95,0.8772153153380493
Q092,1.0,0.8503449055347546
Q093,0.0,1.0
Q093,0.05,1.0
Q093,0.1,1.0
Q093,0.15,1.0
Q093,0.2,1.0
Q093,0.25,1.0
Q093,0.3,1.0
Q093,0.35,1.0
Q093,0.4,1.0
Q093,0.45,1.0
Q093,0.5,1.0
Q093,0.55,1.0
Q093,0.6,1.0
Q093,0.65,1.0
Q093,0.7,1.0
Q093,0.75,1.0
Q093,0.8,1.0
Q093,0.85,1.0
Q093,0.9,1.0
Q093,0.95,1.0
Q093,1.0,1.0
Q094,0.0,1.0
Q094,0.05,1.0
Q094,0.1,1.0
Q094,0.15,1.0
Q094,0.2,1.0
Q094,0.25,1.0
Q094,0.3,1.0
Q094,0.35,1.0
Q094,0.4,1.0
Q094,0.45,1.0
Q094,0.5,1.0
Q094,0.55,1.0
Q094,0.6,1.0
Q094,0.65,1.0
Q094,0.7,1.0
Q094,0.75,1.0
Q094,0.8,1.0
Q094,0.85,1.0
Q094,0.9,1.0
Q094,0.95,1.0
Q094,1.0,1.0
Q095,0.0,1.0
Q095,0.05,1.0
Q095,0.1,1.0
Q095,0.15,1.0
Q095,0.2,1.0
Q095,0.25,1.0
Q095,0.3,1.0
Q095,0.35,1.0
Q095,0.4,1.0
Q095,0.45,1.0
Q095,0.5,1.0
Q095,0.55,1.0
Q095,0.6,1.0
Q095,0.65,1.0
Q095,0.7,1.0
Q095,0.75,0.9047172294870751
Q095,0.8,0.9047172294870751
Q095,0.85,0.9047172294870751
Q095,0.9,0.5585075862632192
Q095,0.95,0.3903800499921017
Q095,1.0,0.3903800499921017
Q096,0.0,1.0
Q096,0.05,1.0
Q096,0.1,1.0
Q096,0.15,1.0
Q096,0.2,1.0
Q096,0.25,1.0
Q096,0.3,1.0
Q096,0.35,1.0
Q096,0.4,1.0
Q096,0.45,1.0
Q096,0.5,1.0
Q096,0.55,1.0
Q096,0.6,1.0
Q096,0.65,1.0
Q096,0.7,1.0
Q096,0.75,1.0
Q096,0.8,1.0
Q096,0.85,1.0
Q096,0.9,1.0
Q096,0.95,1.0
Q096,1.0,1.0
Q097,0.0,0.0
Q097,0.05,0.0
Q097,0.1,0.0
Q097,0.15,0.0
Q097,0.2,0.0
Q097,0.25,1.0
Q097,0.3,1.0
Q097,0.35,0.8854598815714874
Q097,0.4,0.7039180890341347
Q097,0.45,0.7039180890341347
Q097,0.5,0.7039180890341347
Q097,0.55,0.7039180890341347
Q097,0.6,0.7039180890341347
Q097,0.65,0.7039180890341347
Q097,0.7,0.7039180890341347
Q097,0.75,0.7039180890341347
Q097,0.8,0.7039180890341347
Q097,0.85,0.7039180890341347
Q097,0.9,0.7039180890341347
Q097,0.95,0.7039180890341347
Q097,1.0,0.7039180890341347
Q098,0.0,1.0
Q098,0.05,1.0
Q098,0.1,1.0
Q098,0.15,0.9674679834891693
Q098,0.2,0.9469024295259745
Q098,0.25,0.9469024295259745
Q098,0.3,0.9469024295259745
Q098,0.35,0.9469024295259745
Q098,0.4,0.9469024295259745
Q098,0.45,0.9469024295259745
Q098,0.5,0.9469024295259745
Q098,0.55,0.7653606369886217
Q098,0.6,0.7653606369886217
Q098,0.65,1.0
Q098,0.7,1.0
Q098,0.75,1.0
Q098,0.8,1.0
Q098,0.85,1.0
Q098,0.9,1.0
Q098,0.95,1.0
Q098,1.0,1.0
Q099,0.0,1.0
Q099,0.05,1.0
Q099,0.1,1.0
Q099,0.15,1.0
Q099,0.2,1.0
Q099,0.25,1.0
Q099,0.3,1.0
Q099,0.35,1.0
Q099,0.4,1.0
Q099,0.45,1.0
Q099,0.5,1.0
Q099,0.55,1.0
Q099,0.6,1.0
Q099,0.65,1.0
Q099,0.7,1.0
Q099,0.75,1.0
Q099,0.8,1.0
Q099,0.85,1.0
Q099,0.9,1.0
Q099,0.95,1.0
Q099,1.0,1.0
Q100,0.0,1.0
Q100,0.05,1.0
Q100,0.1,1.0
Q100,0.15,1.0
Q100,0.2,1.0
Q100,0.25,1.0
Q100,0.3,1.0
Q100,0.35,1.0
Q100,0.4,1.0
Q100,0.45,1.0
Q100,0.5,1.0
Q100,0.55,1.0
Q100,0.6,1.0
Q100,0.65,1.0
Q100,0.7,1.0
Q100,0.75,1.0
Q100,0.8,1.0
Q100,0.85,1.0
Q100,0.9,1.0
Q100,0.95,1.0
Q100,1.0,1.0
